STOCKJOIN,SERIESNAME,TYPE,Group,Year,Value,Stdev,Scale
ATFGOA2015,TOTALCATCH,Catch,Arrowtooth,1961,514,51.4,3.42654E-06
ATFGOA2015,TOTALCATCH,Catch,Arrowtooth,1962,514,51.4,3.42654E-06
ATFGOA2015,TOTALCATCH,Catch,Arrowtooth,1963,514,51.4,3.42654E-06
ATFGOA2015,TOTALCATCH,Catch,Arrowtooth,1964,514,51.4,3.42654E-06
ATFGOA2015,TOTALCATCH,Catch,Arrowtooth,1965,514,51.4,3.42654E-06
ATFGOA2015,TOTALCATCH,Catch,Arrowtooth,1966,2469,246.9,3.42654E-06
ATFGOA2015,TOTALCATCH,Catch,Arrowtooth,1967,2276,227.6,3.42654E-06
ATFGOA2015,TOTALCATCH,Catch,Arrowtooth,1968,1697,169.7,3.42654E-06
ATFGOA2015,TOTALCATCH,Catch,Arrowtooth,1969,1315,131.5,3.42654E-06
ATFGOA2015,TOTALCATCH,Catch,Arrowtooth,1970,1886,188.6,3.42654E-06
ATFGOA2015,TOTALCATCH,Catch,Arrowtooth,1971,1185,118.5,3.42654E-06
ATFGOA2015,TOTALCATCH,Catch,Arrowtooth,1972,4477,447.7,3.42654E-06
ATFGOA2015,TOTALCATCH,Catch,Arrowtooth,1973,10007,1000.7,3.42654E-06
ATFGOA2015,TOTALCATCH,Catch,Arrowtooth,1974,4883,488.3,3.42654E-06
ATFGOA2015,TOTALCATCH,Catch,Arrowtooth,1975,2776,277.6,3.42654E-06
ATFGOA2015,TOTALCATCH,Catch,Arrowtooth,1976,3045,304.5,3.42654E-06
ATFGOA2015,TOTALCATCH,Catch,Arrowtooth,1977,9449,944.9,3.42654E-06
ATFGOA2015,TOTALCATCH,Catch,Arrowtooth,1978,8409,840.9,3.42654E-06
ATFGOA2015,TOTALCATCH,Catch,Arrowtooth,1979,7579,757.9,3.42654E-06
ATFGOA2015,TOTALCATCH,Catch,Arrowtooth,1980,7848,784.8,3.42654E-06
ATFGOA2015,TOTALCATCH,Catch,Arrowtooth,1981,7433,743.3,3.42654E-06
ATFGOA2015,TOTALCATCH,Catch,Arrowtooth,1982,4639,463.9,3.42654E-06
ATFGOA2015,TOTALCATCH,Catch,Arrowtooth,1983,6331,633.1,3.42654E-06
ATFGOA2015,TOTALCATCH,Catch,Arrowtooth,1984,3457,345.7,3.42654E-06
ATFGOA2015,TOTALCATCH,Catch,Arrowtooth,1985,1539,153.9,3.42654E-06
ATFGOA2015,TOTALCATCH,Catch,Arrowtooth,1986,1221,122.1,3.42654E-06
ATFGOA2015,TOTALCATCH,Catch,Arrowtooth,1987,4963,496.3,3.42654E-06
ATFGOA2015,TOTALCATCH,Catch,Arrowtooth,1988,5138,513.8,3.42654E-06
ATFGOA2015,TOTALCATCH,Catch,Arrowtooth,1989,2584,258.4,3.42654E-06
ATFGOA2015,TOTALCATCH,Catch,Arrowtooth,1990,7706,770.6,3.42654E-06
ATFGOA2015,TOTALCATCH,Catch,Arrowtooth,1991,10034,1003.4,3.42654E-06
ATFGOA2015,TOTALCATCH,Catch,Arrowtooth,1992,15970,1597,3.42654E-06
ATFGOA2015,TOTALCATCH,Catch,Arrowtooth,1993,15559,1555.9,3.42654E-06
ATFGOA2015,TOTALCATCH,Catch,Arrowtooth,1994,23560,2356,3.42654E-06
ATFGOA2015,TOTALCATCH,Catch,Arrowtooth,1995,18428,1842.8,3.42654E-06
ATFGOA2015,TOTALCATCH,Catch,Arrowtooth,1996,22583,2258.3,3.42654E-06
ATFGOA2015,TOTALCATCH,Catch,Arrowtooth,1997,16319,1631.9,3.42654E-06
ATFGOA2015,TOTALCATCH,Catch,Arrowtooth,1998,12975,1297.5,3.42654E-06
ATFGOA2015,TOTALCATCH,Catch,Arrowtooth,1999,16207,1620.7,3.42654E-06
ATFGOA2015,TOTALCATCH,Catch,Arrowtooth,2000,24252,2425.2,3.42654E-06
ATFGOA2015,TOTALCATCH,Catch,Arrowtooth,2001,19964,1996.4,3.42654E-06
ATFGOA2015,TOTALCATCH,Catch,Arrowtooth,2002,21231,2123.1,3.42654E-06
ATFGOA2015,TOTALCATCH,Catch,Arrowtooth,2003,29994,2999.4,3.42654E-06
ATFGOA2015,TOTALCATCH,Catch,Arrowtooth,2004,15304,1530.4,3.42654E-06
ATFGOA2015,TOTALCATCH,Catch,Arrowtooth,2005,19770,1977,3.42654E-06
ATFGOA2015,TOTALCATCH,Catch,Arrowtooth,2006,27653,2765.3,3.42654E-06
ATFGOA2015,TOTALCATCH,Catch,Arrowtooth,2007,25494,2549.4,3.42654E-06
ATFGOA2015,TOTALCATCH,Catch,Arrowtooth,2008,29293,2929.3,3.42654E-06
ATFGOA2015,TOTALCATCH,Catch,Arrowtooth,2009,24937,2493.7,3.42654E-06
ATFGOA2015,TOTALCATCH,Catch,Arrowtooth,2010,24094,2409.4,3.42654E-06
ATFGOA2015,TOTALCATCH,Catch,Arrowtooth,2011,31009,3100.9,3.42654E-06
ATFGOA2015,TOTALCATCH,Catch,Arrowtooth,2012,20566,2056.6,3.42654E-06
ATFGOA2015,TOTALCATCH,Catch,Arrowtooth,2013,21608,2160.8,3.42654E-06
ATFGOA2015,TOTALCATCH,Catch,Arrowtooth,2014,36294,3629.4,3.42654E-06
SarahPrevious,CLEAN,Catch,Bairdi,1950,0,0,3.42654E-06
SarahPrevious,CLEAN,Catch,Bairdi,1951,0,0,3.42654E-06
SarahPrevious,CLEAN,Catch,Bairdi,1952,0,0,3.42654E-06
SarahPrevious,CLEAN,Catch,Bairdi,1953,0,0,3.42654E-06
SarahPrevious,CLEAN,Catch,Bairdi,1954,0,0,3.42654E-06
SarahPrevious,CLEAN,Catch,Bairdi,1955,0,0,3.42654E-06
SarahPrevious,CLEAN,Catch,Bairdi,1956,0,0,3.42654E-06
SarahPrevious,CLEAN,Catch,Bairdi,1957,0,0,3.42654E-06
SarahPrevious,CLEAN,Catch,Bairdi,1958,0,0,3.42654E-06
SarahPrevious,CLEAN,Catch,Bairdi,1959,0,0,3.42654E-06
SarahPrevious,CLEAN,Catch,Bairdi,1960,0,0,3.42654E-06
SarahPrevious,CLEAN,Catch,Bairdi,1961,0,0,3.42654E-06
SarahPrevious,CLEAN,Catch,Bairdi,1962,0,0,3.42654E-06
SarahPrevious,CLEAN,Catch,Bairdi,1963,0,0,3.42654E-06
SarahPrevious,CLEAN,Catch,Bairdi,1964,0,0,3.42654E-06
SarahPrevious,CLEAN,Catch,Bairdi,1965,0,0,3.42654E-06
SarahPrevious,CLEAN,Catch,Bairdi,1966,0,0,3.42654E-06
SarahPrevious,CLEAN,Catch,Bairdi,1967,52,5.2,3.42654E-06
SarahPrevious,CLEAN,Catch,Bairdi,1968,1857,185.7,3.42654E-06
SarahPrevious,CLEAN,Catch,Bairdi,1969,8758,875.8,3.42654E-06
SarahPrevious,CLEAN,Catch,Bairdi,1970,4821,482.1,3.42654E-06
SarahPrevious,CLEAN,Catch,Bairdi,1971,7864,786.4,3.42654E-06
SarahPrevious,CLEAN,Catch,Bairdi,1972,20242,2024.2,3.42654E-06
SarahPrevious,CLEAN,Catch,Bairdi,1973,22745,2274.5,3.42654E-06
SarahPrevious,CLEAN,Catch,Bairdi,1974,11916,1191.6,3.42654E-06
SarahPrevious,CLEAN,Catch,Bairdi,1975,23105,2310.5,3.42654E-06
SarahPrevious,CLEAN,Catch,Bairdi,1976,17131,1713.1,3.42654E-06
SarahPrevious,CLEAN,Catch,Bairdi,1977,23046,2304.6,3.42654E-06
SarahPrevious,CLEAN,Catch,Bairdi,1978,20923,2092.3,3.42654E-06
SarahPrevious,CLEAN,Catch,Bairdi,1979,15500,1550,3.42654E-06
SarahPrevious,CLEAN,Catch,Bairdi,1980,9963,996.3,3.42654E-06
SarahPrevious,CLEAN,Catch,Bairdi,1981,10862,1086.2,3.42654E-06
SarahPrevious,CLEAN,Catch,Bairdi,1982,12814,1281.4,3.42654E-06
SarahPrevious,CLEAN,Catch,Bairdi,1983,8954,895.4,3.42654E-06
SarahPrevious,CLEAN,Catch,Bairdi,1984,8153,815.3,3.42654E-06
SarahPrevious,CLEAN,Catch,Bairdi,1985,7074,707.4,3.42654E-06
SarahPrevious,CLEAN,Catch,Bairdi,1986,3370,337,3.42654E-06
SarahPrevious,CLEAN,Catch,Bairdi,1987,4467,446.7,3.42654E-06
SarahPrevious,CLEAN,Catch,Bairdi,1988,3686,368.6,3.42654E-06
SarahPrevious,CLEAN,Catch,Bairdi,1989,1568,156.8,3.42654E-06
SarahPrevious,CLEAN,Catch,Bairdi,1990,1061,106.1,3.42654E-06
SarahPrevious,CLEAN,Catch,Bairdi,1991,1333,133.3,3.42654E-06
SarahPrevious,CLEAN,Catch,Bairdi,1992,783,78.3,3.42654E-06
SarahPrevious,CLEAN,Catch,Bairdi,1993,810,81,3.42654E-06
SarahPrevious,CLEAN,Catch,Bairdi,1994,129,12.9,3.42654E-06
SarahPrevious,CLEAN,Catch,Bairdi,1995,0,0,3.42654E-06
SarahPrevious,CLEAN,Catch,Bairdi,1996,0,0,3.42654E-06
SarahPrevious,CLEAN,Catch,Bairdi,1997,0,0,3.42654E-06
SarahPrevious,CLEAN,Catch,Bairdi,1998,0,0,3.42654E-06
SarahPrevious,CLEAN,Catch,Bairdi,1999,0,0,3.42654E-06
SarahPrevious,CLEAN,Catch,Bairdi,2000,349,34.9,3.42654E-06
SarahPrevious,CLEAN,Catch,Bairdi,2001,164,16.4,3.42654E-06
SarahPrevious,CLEAN,Catch,Bairdi,2002,0,0,3.42654E-06
SarahHerring,CLEAN,Catch,Herring,1916,136,13.6,3.42654E-06
SarahHerring,CLEAN,Catch,Herring,1917,1227,122.7,3.42654E-06
SarahHerring,CLEAN,Catch,Herring,1918,5500,550,3.42654E-06
SarahHerring,CLEAN,Catch,Herring,1919,7273,727.3,3.42654E-06
SarahHerring,CLEAN,Catch,Herring,1920,9773,977.3,3.42654E-06
SarahHerring,CLEAN,Catch,Herring,1921,11682,1168.2,3.42654E-06
SarahHerring,CLEAN,Catch,Herring,1922,22000,2200,3.42654E-06
SarahHerring,CLEAN,Catch,Herring,1923,19682,1968.2,3.42654E-06
SarahHerring,CLEAN,Catch,Herring,1924,18955,1895.5,3.42654E-06
SarahHerring,CLEAN,Catch,Herring,1925,30182,3018.2,3.42654E-06
SarahHerring,CLEAN,Catch,Herring,1926,13955,1395.5,3.42654E-06
SarahHerring,CLEAN,Catch,Herring,1927,9955,995.5,3.42654E-06
SarahHerring,CLEAN,Catch,Herring,1928,10136,1013.6,3.42654E-06
SarahHerring,CLEAN,Catch,Herring,1929,5409,540.9,3.42654E-06
SarahHerring,CLEAN,Catch,Herring,1930,14273,1427.3,3.42654E-06
SarahHerring,CLEAN,Catch,Herring,1931,8136,813.6,3.42654E-06
SarahHerring,CLEAN,Catch,Herring,1932,18227,1822.7,3.42654E-06
SarahHerring,CLEAN,Catch,Herring,1933,19091,1909.1,3.42654E-06
SarahHerring,CLEAN,Catch,Herring,1934,27364,2736.4,3.42654E-06
SarahHerring,CLEAN,Catch,Herring,1935,43773,4377.3,3.42654E-06
SarahHerring,CLEAN,Catch,Herring,1936,28532,2853.2,3.42654E-06
SarahHerring,CLEAN,Catch,Herring,1937,68361,6836.1,3.42654E-06
SarahHerring,CLEAN,Catch,Herring,1938,75437,7543.7,3.42654E-06
SarahHerring,CLEAN,Catch,Herring,1939,82952,8295.2,3.42654E-06
SarahHerring,CLEAN,Catch,Herring,1940,47116,4711.6,3.42654E-06
SarahHerring,CLEAN,Catch,Herring,1941,67109,6710.9,3.42654E-06
SarahHerring,CLEAN,Catch,Herring,1942,17530,1753,3.42654E-06
SarahHerring,CLEAN,Catch,Herring,1943,32657,3265.7,3.42654E-06
SarahHerring,CLEAN,Catch,Herring,1944,33746,3374.6,3.42654E-06
SarahHerring,CLEAN,Catch,Herring,1945,37276,3727.6,3.42654E-06
SarahHerring,CLEAN,Catch,Herring,1946,54606,5460.6,3.42654E-06
SarahHerring,CLEAN,Catch,Herring,1947,46024,4602.4,3.42654E-06
SarahHerring,CLEAN,Catch,Herring,1948,43900,4390,3.42654E-06
SarahHerring,CLEAN,Catch,Herring,1949,0,0,3.42654E-06
SarahHerring,CLEAN,Catch,Herring,1950,61972,6197.2,3.42654E-06
SarahHerring,CLEAN,Catch,Herring,1951,24108,2410.8,3.42654E-06
SarahHerring,CLEAN,Catch,Herring,1952,4215,421.5,3.42654E-06
SarahHerring,CLEAN,Catch,Herring,1953,678,67.8,3.42654E-06
SarahHerring,CLEAN,Catch,Herring,1954,8541,854.1,3.42654E-06
SarahHerring,CLEAN,Catch,Herring,1955,15936,1593.6,3.42654E-06
SarahHerring,CLEAN,Catch,Herring,1956,17293,1729.3,3.42654E-06
SarahHerring,CLEAN,Catch,Herring,1957,31201,3120.1,3.42654E-06
SarahHerring,CLEAN,Catch,Herring,1958,1552,155.2,3.42654E-06
SarahHerring,CLEAN,Catch,Herring,1959,3486,348.6,3.42654E-06
SarahHerring,CLEAN,Catch,Herring,1960,5,0.5,3.42654E-06
SarahHerring,CLEAN,Catch,Herring,1961,5,0.5,3.42654E-06
SarahHerring,CLEAN,Catch,Herring,1962,5,0.5,3.42654E-06
SarahHerring,CLEAN,Catch,Herring,1963,5,0.5,3.42654E-06
SarahHerring,CLEAN,Catch,Herring,1964,797,79.7,3.42654E-06
SarahHerring,CLEAN,Catch,Herring,1965,628,62.8,3.42654E-06
SarahHerring,CLEAN,Catch,Herring,1966,2693,269.3,3.42654E-06
SarahHerring,CLEAN,Catch,Herring,1967,1781,178.1,3.42654E-06
SarahHerring,CLEAN,Catch,Herring,1968,1830,183,3.42654E-06
SarahHerring,CLEAN,Catch,Herring,1969,1331,133.1,3.42654E-06
SarahHerring,CLEAN,Catch,Herring,1970,318,31.8,3.42654E-06
SarahHerring,CLEAN,Catch,Herring,1971,1132,113.2,3.42654E-06
SarahHerring,CLEAN,Catch,Herring,1972,1854,185.4,3.42654E-06
SarahHerring,CLEAN,Catch,Herring,1973,7263,726.3,3.42654E-06
SarahHerring,CLEAN,Catch,Herring,1974,6612,661.2,3.42654E-06
SarahHerring,CLEAN,Catch,Herring,1975,5326,532.6,3.42654E-06
SarahHerring,CLEAN,Catch,Herring,1976,2350,235,3.42654E-06
SarahHerring,CLEAN,Catch,Herring,1977,2365,236.5,3.42654E-06
SarahHerring,CLEAN,Catch,Herring,1978,2446,244.6,3.42654E-06
SarahHerring,CLEAN,Catch,Herring,1979,5445,544.5,3.42654E-06
SarahHerring,CLEAN,Catch,Herring,1980,9194,919.4,3.42654E-06
SarahHerring,CLEAN,Catch,Herring,1981,15837,1583.7,3.42654E-06
SarahHerring,CLEAN,Catch,Herring,1982,9372,937.2,3.42654E-06
SarahHerring,CLEAN,Catch,Herring,1983,5102,510.2,3.42654E-06
SarahHerring,CLEAN,Catch,Herring,1984,8321,832.1,3.42654E-06
SarahHerring,CLEAN,Catch,Herring,1985,9111,911.1,3.42654E-06
SarahHerring,CLEAN,Catch,Herring,1986,12023,1202.3,3.42654E-06
SarahHerring,CLEAN,Catch,Herring,1987,8205,820.5,3.42654E-06
SarahHerring,CLEAN,Catch,Herring,1988,11636,1163.6,3.42654E-06
SarahHerring,CLEAN,Catch,Herring,1989,2696,269.6,3.42654E-06
SarahHerring,CLEAN,Catch,Herring,1990,11870,1187,3.42654E-06
SarahHerring,CLEAN,Catch,Herring,1991,16341,1634.1,3.42654E-06
SarahHerring,CLEAN,Catch,Herring,1992,23174,2317.4,3.42654E-06
SarahHerring,CLEAN,Catch,Herring,1993,7465,746.5,3.42654E-06
SarahHerring,CLEAN,Catch,Herring,1994,6109,610.9,3.42654E-06
SarahHerring,CLEAN,Catch,Herring,1995,4767,476.7,3.42654E-06
SarahHerring,CLEAN,Catch,Herring,1996,3777,377.7,3.42654E-06
SarahHerring,CLEAN,Catch,Herring,1997,8316,831.6,3.42654E-06
SarahHerring,CLEAN,Catch,Herring,1998,5477,547.7,3.42654E-06
SarahHerring,CLEAN,Catch,Herring,1999,1543,154.3,3.42654E-06
SarahHerring,CLEAN,Catch,Herring,2000,1244,124.4,3.42654E-06
SarahHerring,CLEAN,Catch,Herring,2001,1642,164.2,3.42654E-06
SarahHerring,CLEAN,Catch,Herring,2002,1645,164.5,3.42654E-06
SarahPrevious,CLEAN,Catch,King.Crab,1950,0,0,3.42654E-06
SarahPrevious,CLEAN,Catch,King.Crab,1951,0,0,3.42654E-06
SarahPrevious,CLEAN,Catch,King.Crab,1952,0,0,3.42654E-06
SarahPrevious,CLEAN,Catch,King.Crab,1953,0,0,3.42654E-06
SarahPrevious,CLEAN,Catch,King.Crab,1954,0,0,3.42654E-06
SarahPrevious,CLEAN,Catch,King.Crab,1955,0,0,3.42654E-06
SarahPrevious,CLEAN,Catch,King.Crab,1956,0,0,3.42654E-06
SarahPrevious,CLEAN,Catch,King.Crab,1957,0,0,3.42654E-06
SarahPrevious,CLEAN,Catch,King.Crab,1958,0,0,3.42654E-06
SarahPrevious,CLEAN,Catch,King.Crab,1959,0,0,3.42654E-06
SarahPrevious,CLEAN,Catch,King.Crab,1960,0.049067982,0.004906798,3.42654E-06
SarahPrevious,CLEAN,Catch,King.Crab,1961,0.059830729,0.005983073,3.42654E-06
SarahPrevious,CLEAN,Catch,King.Crab,1962,0.075418037,0.007541804,3.42654E-06
SarahPrevious,CLEAN,Catch,King.Crab,1963,0.079564145,0.007956415,3.42654E-06
SarahPrevious,CLEAN,Catch,King.Crab,1964,0.092780291,0.009278029,3.42654E-06
SarahPrevious,CLEAN,Catch,King.Crab,1965,0.175308388,0.017530839,3.42654E-06
SarahPrevious,CLEAN,Catch,King.Crab,1966,0.154211212,0.015421121,3.42654E-06
SarahPrevious,CLEAN,Catch,King.Crab,1967,0.099383224,0.009938322,3.42654E-06
SarahPrevious,CLEAN,Catch,King.Crab,1968,0.049280428,0.004928043,3.42654E-06
SarahPrevious,CLEAN,Catch,King.Crab,1969,0.030410499,0.00304105,3.42654E-06
SarahPrevious,CLEAN,Catch,King.Crab,1970,0.029238624,0.002923862,3.42654E-06
SarahPrevious,CLEAN,Catch,King.Crab,1971,0.030900493,0.003090049,3.42654E-06
SarahPrevious,CLEAN,Catch,King.Crab,1972,0.036831826,0.003683183,3.42654E-06
SarahPrevious,CLEAN,Catch,King.Crab,1973,0.035546875,0.003554688,3.42654E-06
SarahPrevious,CLEAN,Catch,King.Crab,1974,0.051195861,0.005119586,3.42654E-06
SarahPrevious,CLEAN,Catch,King.Crab,1975,0.046970943,0.004697094,3.42654E-06
SarahPrevious,CLEAN,Catch,King.Crab,1976,0.035872396,0.00358724,3.42654E-06
SarahPrevious,CLEAN,Catch,King.Crab,1977,0.024736157,0.002473616,3.42654E-06
SarahPrevious,CLEAN,Catch,King.Crab,1978,0.025274123,0.002527412,3.42654E-06
SarahPrevious,CLEAN,Catch,King.Crab,1979,0.031722862,0.003172286,3.42654E-06
SarahPrevious,CLEAN,Catch,King.Crab,1980,0.043023575,0.004302358,3.42654E-06
SarahPrevious,CLEAN,Catch,King.Crab,1981,0.045021245,0.004502125,3.42654E-06
SarahPrevious,CLEAN,Catch,King.Crab,1982,0.017465049,0.001746505,3.42654E-06
SarahPrevious,CLEAN,Catch,King.Crab,1983,0.000472862,4.72862E-05,3.42654E-06
SarahPrevious,CLEAN,Catch,King.Crab,1984,3.43E-05,0.00000343,3.42654E-06
SarahPrevious,CLEAN,Catch,King.Crab,1985,9.94E-05,0.00000994,3.42654E-06
SarahPrevious,CLEAN,Catch,King.Crab,1986,0.000226151,2.26151E-05,3.42654E-06
SarahPrevious,CLEAN,Catch,King.Crab,1987,0.000102796,1.02796E-05,3.42654E-06
SarahPrevious,CLEAN,Catch,King.Crab,1988,0,0,3.42654E-06
SarahPrevious,CLEAN,Catch,King.Crab,1989,0,0,3.42654E-06
SarahPrevious,CLEAN,Catch,King.Crab,1990,1.03E-05,0.00000103,3.42654E-06
SarahPrevious,CLEAN,Catch,King.Crab,1991,0,0,3.42654E-06
SarahPrevious,CLEAN,Catch,King.Crab,1992,0,0,3.42654E-06
SarahPrevious,CLEAN,Catch,King.Crab,1993,0,0,3.42654E-06
SarahPrevious,CLEAN,Catch,King.Crab,1994,0,0,3.42654E-06
SarahPrevious,CLEAN,Catch,King.Crab,1995,0,0,3.42654E-06
SarahPrevious,CLEAN,Catch,King.Crab,1996,0,0,3.42654E-06
SarahPrevious,CLEAN,Catch,King.Crab,1997,0,0,3.42654E-06
SarahPrevious,CLEAN,Catch,King.Crab,1998,0,0,3.42654E-06
SarahPrevious,CLEAN,Catch,King.Crab,1999,0,0,3.42654E-06
SarahPrevious,CLEAN,Catch,King.Crab,2000,0,0,3.42654E-06
SarahPrevious,CLEAN,Catch,King.Crab,2001,0,0,3.42654E-06
SarahPrevious,CLEAN,Catch,King.Crab,2002,0,0,3.42654E-06
SCULPINGOA2015,TOTALCATCH,Catch,Lg.Sculpins,1997,898,89.8,3.42654E-06
SCULPINGOA2015,TOTALCATCH,Catch,Lg.Sculpins,1998,526,52.6,3.42654E-06
SCULPINGOA2015,TOTALCATCH,Catch,Lg.Sculpins,1999,544,54.4,3.42654E-06
SCULPINGOA2015,TOTALCATCH,Catch,Lg.Sculpins,2000,940,94,3.42654E-06
SCULPINGOA2015,TOTALCATCH,Catch,Lg.Sculpins,2001,587,58.7,3.42654E-06
SCULPINGOA2015,TOTALCATCH,Catch,Lg.Sculpins,2002,919,91.9,3.42654E-06
SCULPINGOA2015,TOTALCATCH,Catch,Lg.Sculpins,2003,629,62.9,3.42654E-06
SCULPINGOA2015,TOTALCATCH,Catch,Lg.Sculpins,2004,701,70.1,3.42654E-06
SCULPINGOA2015,TOTALCATCH,Catch,Lg.Sculpins,2005,626,62.6,3.42654E-06
SCULPINGOA2015,TOTALCATCH,Catch,Lg.Sculpins,2006,583,58.3,3.42654E-06
SCULPINGOA2015,TOTALCATCH,Catch,Lg.Sculpins,2007,960,96,3.42654E-06
SCULPINGOA2015,TOTALCATCH,Catch,Lg.Sculpins,2008,1925,192.5,3.42654E-06
SCULPINGOA2015,TOTALCATCH,Catch,Lg.Sculpins,2009,1374,137.4,3.42654E-06
SCULPINGOA2015,TOTALCATCH,Catch,Lg.Sculpins,2010,911,91.1,3.42654E-06
SCULPINGOA2015,TOTALCATCH,Catch,Lg.Sculpins,2011,820,82,3.42654E-06
SCULPINGOA2015,TOTALCATCH,Catch,Lg.Sculpins,2012,875,87.5,3.42654E-06
SCULPINGOA2015,TOTALCATCH,Catch,Lg.Sculpins,2013,1959,195.9,3.42654E-06
SCULPINGOA2015,TOTALCATCH,Catch,Lg.Sculpins,2014,1187,118.7,3.42654E-06
ATKAGOA2015,TOTALCATCH,Catch,Misc.fish.shallow,1977,19455,1945.5,3.42654E-06
ATKAGOA2015,TOTALCATCH,Catch,Misc.fish.shallow,1978,19588,1958.8,3.42654E-06
ATKAGOA2015,TOTALCATCH,Catch,Misc.fish.shallow,1979,10949,1094.9,3.42654E-06
ATKAGOA2015,TOTALCATCH,Catch,Misc.fish.shallow,1980,13166,1316.6,3.42654E-06
ATKAGOA2015,TOTALCATCH,Catch,Misc.fish.shallow,1981,18727,1872.7,3.42654E-06
ATKAGOA2015,TOTALCATCH,Catch,Misc.fish.shallow,1982,6760,676,3.42654E-06
ATKAGOA2015,TOTALCATCH,Catch,Misc.fish.shallow,1983,12260,1226,3.42654E-06
ATKAGOA2015,TOTALCATCH,Catch,Misc.fish.shallow,1984,1153,115.3,3.42654E-06
ATKAGOA2015,TOTALCATCH,Catch,Misc.fish.shallow,1985,1848,184.8,3.42654E-06
ATKAGOA2015,TOTALCATCH,Catch,Misc.fish.shallow,1986,4,0.4,3.42654E-06
ATKAGOA2015,TOTALCATCH,Catch,Misc.fish.shallow,1987,1,0.1,3.42654E-06
ATKAGOA2015,TOTALCATCH,Catch,Misc.fish.shallow,1990,1416,141.6,3.42654E-06
ATKAGOA2015,TOTALCATCH,Catch,Misc.fish.shallow,1991,3258,325.8,3.42654E-06
ATKAGOA2015,TOTALCATCH,Catch,Misc.fish.shallow,1992,13834,1383.4,3.42654E-06
ATKAGOA2015,TOTALCATCH,Catch,Misc.fish.shallow,1993,5146,514.6,3.42654E-06
ATKAGOA2015,TOTALCATCH,Catch,Misc.fish.shallow,1994,3538,353.8,3.42654E-06
ATKAGOA2015,TOTALCATCH,Catch,Misc.fish.shallow,1995,701,70.1,3.42654E-06
ATKAGOA2015,TOTALCATCH,Catch,Misc.fish.shallow,1996,1580,158,3.42654E-06
ATKAGOA2015,TOTALCATCH,Catch,Misc.fish.shallow,1997,331,33.1,3.42654E-06
ATKAGOA2015,TOTALCATCH,Catch,Misc.fish.shallow,1998,317,31.7,3.42654E-06
ATKAGOA2015,TOTALCATCH,Catch,Misc.fish.shallow,1999,262,26.2,3.42654E-06
ATKAGOA2015,TOTALCATCH,Catch,Misc.fish.shallow,2000,170,17,3.42654E-06
ATKAGOA2015,TOTALCATCH,Catch,Misc.fish.shallow,2001,76,7.6,3.42654E-06
ATKAGOA2015,TOTALCATCH,Catch,Misc.fish.shallow,2002,85,8.5,3.42654E-06
ATKAGOA2015,TOTALCATCH,Catch,Misc.fish.shallow,2003,583,58.3,3.42654E-06
ATKAGOA2015,TOTALCATCH,Catch,Misc.fish.shallow,2004,819,81.9,3.42654E-06
ATKAGOA2015,TOTALCATCH,Catch,Misc.fish.shallow,2005,799,79.9,3.42654E-06
ATKAGOA2015,TOTALCATCH,Catch,Misc.fish.shallow,2006,876,87.6,3.42654E-06
ATKAGOA2015,TOTALCATCH,Catch,Misc.fish.shallow,2007,1459,145.9,3.42654E-06
ATKAGOA2015,TOTALCATCH,Catch,Misc.fish.shallow,2008,2109,210.9,3.42654E-06
ATKAGOA2015,TOTALCATCH,Catch,Misc.fish.shallow,2009,2223,222.3,3.42654E-06
ATKAGOA2015,TOTALCATCH,Catch,Misc.fish.shallow,2010,2405,240.5,3.42654E-06
ATKAGOA2015,TOTALCATCH,Catch,Misc.fish.shallow,2011,1615,161.5,3.42654E-06
ATKAGOA2015,TOTALCATCH,Catch,Misc.fish.shallow,2012,1188,118.8,3.42654E-06
ATKAGOA2015,TOTALCATCH,Catch,Misc.fish.shallow,2013,1277,127.7,3.42654E-06
ATKAGOA2015,TOTALCATCH,Catch,Misc.fish.shallow,2014,1042,104.2,3.42654E-06
OCTOGOA2015,TOTALCATCH,Catch,Motile.epifauna,1997,232,23.2,3.42654E-06
OCTOGOA2015,TOTALCATCH,Catch,Motile.epifauna,1998,112,11.2,3.42654E-06
OCTOGOA2015,TOTALCATCH,Catch,Motile.epifauna,1999,166,16.6,3.42654E-06
OCTOGOA2015,TOTALCATCH,Catch,Motile.epifauna,2000,156,15.6,3.42654E-06
OCTOGOA2015,TOTALCATCH,Catch,Motile.epifauna,2001,88,8.8,3.42654E-06
OCTOGOA2015,TOTALCATCH,Catch,Motile.epifauna,2002,298,29.8,3.42654E-06
OCTOGOA2015,TOTALCATCH,Catch,Motile.epifauna,2003,212,21.2,3.42654E-06
OCTOGOA2015,TOTALCATCH,Catch,Motile.epifauna,2004,283,28.3,3.42654E-06
OCTOGOA2015,TOTALCATCH,Catch,Motile.epifauna,2005,149,14.9,3.42654E-06
OCTOGOA2015,TOTALCATCH,Catch,Motile.epifauna,2006,166,16.6,3.42654E-06
OCTOGOA2015,TOTALCATCH,Catch,Motile.epifauna,2007,266,26.6,3.42654E-06
OCTOGOA2015,TOTALCATCH,Catch,Motile.epifauna,2008,339,33.9,3.42654E-06
OCTOGOA2015,TOTALCATCH,Catch,Motile.epifauna,2009,321,32.1,3.42654E-06
OCTOGOA2015,TOTALCATCH,Catch,Motile.epifauna,2010,330,33,3.42654E-06
OCTOGOA2015,TOTALCATCH,Catch,Motile.epifauna,2011,927,92.7,3.42654E-06
OCTOGOA2015,TOTALCATCH,Catch,Motile.epifauna,2012,415,41.5,3.42654E-06
OCTOGOA2015,TOTALCATCH,Catch,Motile.epifauna,2013,442,44.2,3.42654E-06
OCTOGOA2015,TOTALCATCH,Catch,Motile.epifauna,2014,1298,129.8,3.42654E-06
PCODGOA2015,TOTALCATCH,Catch,P.Cod,1977,2268,226.8,3.42654E-06
PCODGOA2015,TOTALCATCH,Catch,P.Cod,1978,11347,1134.7,3.42654E-06
PCODGOA2015,TOTALCATCH,Catch,P.Cod,1979,13175,1317.5,3.42654E-06
PCODGOA2015,TOTALCATCH,Catch,P.Cod,1980,34246,3424.6,3.42654E-06
PCODGOA2015,TOTALCATCH,Catch,P.Cod,1981,35958,3595.8,3.42654E-06
PCODGOA2015,TOTALCATCH,Catch,P.Cod,1982,29348,2934.8,3.42654E-06
PCODGOA2015,TOTALCATCH,Catch,P.Cod,1983,36269,3626.9,3.42654E-06
PCODGOA2015,TOTALCATCH,Catch,P.Cod,1984,23651,2365.1,3.42654E-06
PCODGOA2015,TOTALCATCH,Catch,P.Cod,1985,14289,1428.9,3.42654E-06
PCODGOA2015,TOTALCATCH,Catch,P.Cod,1986,24612,2461.2,3.42654E-06
PCODGOA2015,TOTALCATCH,Catch,P.Cod,1987,31392,3139.2,3.42654E-06
PCODGOA2015,TOTALCATCH,Catch,P.Cod,1988,32501,3250.1,3.42654E-06
PCODGOA2015,TOTALCATCH,Catch,P.Cod,1989,41675,4167.5,3.42654E-06
PCODGOA2015,TOTALCATCH,Catch,P.Cod,1990,70771,7077.1,3.42654E-06
PCODGOA2015,TOTALCATCH,Catch,P.Cod,1991,76328,7632.8,3.42654E-06
PCODGOA2015,TOTALCATCH,Catch,P.Cod,1992,80747,8074.7,3.42654E-06
PCODGOA2015,TOTALCATCH,Catch,P.Cod,1993,56488,5648.8,3.42654E-06
PCODGOA2015,TOTALCATCH,Catch,P.Cod,1994,47485,4748.5,3.42654E-06
PCODGOA2015,TOTALCATCH,Catch,P.Cod,1995,68985,6898.5,3.42654E-06
PCODGOA2015,TOTALCATCH,Catch,P.Cod,1996,68281,6828.1,3.42654E-06
PCODGOA2015,TOTALCATCH,Catch,P.Cod,1997,77018,7701.8,3.42654E-06
PCODGOA2015,TOTALCATCH,Catch,P.Cod,1998,72526,7252.6,3.42654E-06
PCODGOA2015,TOTALCATCH,Catch,P.Cod,1999,81785,8178.5,3.42654E-06
PCODGOA2015,TOTALCATCH,Catch,P.Cod,2000,66560,6656,3.42654E-06
PCODGOA2015,TOTALCATCH,Catch,P.Cod,2001,51542,5154.2,3.42654E-06
PCODGOA2015,TOTALCATCH,Catch,P.Cod,2002,54484,5448.4,3.42654E-06
PCODGOA2015,TOTALCATCH,Catch,P.Cod,2003,52580,5258,3.42654E-06
PCODGOA2015,TOTALCATCH,Catch,P.Cod,2004,56624,5662.4,3.42654E-06
PCODGOA2015,TOTALCATCH,Catch,P.Cod,2005,47584,4758.4,3.42654E-06
PCODGOA2015,TOTALCATCH,Catch,P.Cod,2006,47897,4789.7,3.42654E-06
PCODGOA2015,TOTALCATCH,Catch,P.Cod,2007,52372,5237.2,3.42654E-06
PCODGOA2015,TOTALCATCH,Catch,P.Cod,2008,59050,5905,3.42654E-06
PCODGOA2015,TOTALCATCH,Catch,P.Cod,2009,53197,5319.7,3.42654E-06
PCODGOA2015,TOTALCATCH,Catch,P.Cod,2010,78293,7829.3,3.42654E-06
PCODGOA2015,TOTALCATCH,Catch,P.Cod,2011,85243,8524.3,3.42654E-06
PCODGOA2015,TOTALCATCH,Catch,P.Cod,2012,78022,7802.2,3.42654E-06
PCODGOA2015,TOTALCATCH,Catch,P.Cod,2013,68591,6859.1,3.42654E-06
PCODGOA2015,TOTALCATCH,Catch,P.Cod,2014,84854,8485.4,3.42654E-06
HalibutComm_RARA2015,TOTREMOVALS,Catch,P.Halibut,1912,408.2328,40.82328,3.42654E-06
HalibutComm_RARA2016,TOTREMOVALS,Catch,P.Halibut,1913,5034.8712,503.48712,3.42654E-06
HalibutComm_RARA2017,TOTREMOVALS,Catch,P.Halibut,1914,10409.9364,1040.99364,3.42654E-06
HalibutComm_RARA2018,TOTREMOVALS,Catch,P.Halibut,1915,11094.86032,1109.486032,3.42654E-06
HalibutComm_RARA2019,TOTREMOVALS,Catch,P.Halibut,1916,8835.97216,883.597216,3.42654E-06
HalibutComm_RARA2020,TOTREMOVALS,Catch,P.Halibut,1917,8073.9376,807.39376,3.42654E-06
HalibutComm_RARA2021,TOTREMOVALS,Catch,P.Halibut,1918,5180.02064,518.002064,3.42654E-06
HalibutComm_RARA2022,TOTREMOVALS,Catch,P.Halibut,1919,6141.63568,614.163568,3.42654E-06
HalibutComm_RARA2023,TOTREMOVALS,Catch,P.Halibut,1920,6468.22192,646.822192,3.42654E-06
HalibutComm_RARA2024,TOTREMOVALS,Catch,P.Halibut,1921,7021.60416,702.160416,3.42654E-06
HalibutComm_RARA2025,TOTREMOVALS,Catch,P.Halibut,1922,5284.3468,528.43468,3.42654E-06
HalibutComm_RARA2026,TOTREMOVALS,Catch,P.Halibut,1923,10101.49384,1010.149384,3.42654E-06
HalibutComm_RARA2027,TOTREMOVALS,Catch,P.Halibut,1924,11938.54144,1193.854144,3.42654E-06
HalibutComm_RARA2028,TOTREMOVALS,Catch,P.Halibut,1925,12165.33744,1216.533744,3.42654E-06
HalibutComm_RARA2029,TOTREMOVALS,Catch,P.Halibut,1926,12183.48112,1218.348112,3.42654E-06
HalibutComm_RARA2030,TOTREMOVALS,Catch,P.Halibut,1927,13979.70544,1397.970544,3.42654E-06
HalibutComm_RARA2031,TOTREMOVALS,Catch,P.Halibut,1928,12605.32168,1260.532168,3.42654E-06
HalibutComm_RARA2032,TOTREMOVALS,Catch,P.Halibut,1929,14120.31896,1412.031896,3.42654E-06
HalibutComm_RARA2033,TOTREMOVALS,Catch,P.Halibut,1930,12373.98976,1237.398976,3.42654E-06
HalibutComm_RARA2034,TOTREMOVALS,Catch,P.Halibut,1931,9829.33864,982.933864,3.42654E-06
HalibutComm_RARA2035,TOTREMOVALS,Catch,P.Halibut,1932,9797.5872,979.75872,3.42654E-06
HalibutComm_RARA2036,TOTREMOVALS,Catch,P.Halibut,1933,10722.91488,1072.291488,3.42654E-06
HalibutComm_RARA2037,TOTREMOVALS,Catch,P.Halibut,1934,9280.49232,928.049232,3.42654E-06
HalibutComm_RARA2038,TOTREMOVALS,Catch,P.Halibut,1935,10786.41776,1078.641776,3.42654E-06
HalibutComm_RARA2039,TOTREMOVALS,Catch,P.Halibut,1936,11616.49112,1161.649112,3.42654E-06
HalibutComm_RARA2040,TOTREMOVALS,Catch,P.Halibut,1937,11552.98824,1155.298824,3.42654E-06
HalibutComm_RARA2041,TOTREMOVALS,Catch,P.Halibut,1938,11543.9164,1154.39164,3.42654E-06
HalibutComm_RARA2042,TOTREMOVALS,Catch,P.Halibut,1939,11480.41352,1148.041352,3.42654E-06
HalibutComm_RARA2043,TOTREMOVALS,Catch,P.Halibut,1940,12237.91216,1223.791216,3.42654E-06
HalibutComm_RARA2044,TOTREMOVALS,Catch,P.Halibut,1941,12673.36048,1267.336048,3.42654E-06
HalibutComm_RARA2045,TOTREMOVALS,Catch,P.Halibut,1942,12228.84032,1222.884032,3.42654E-06
HalibutComm_RARA2046,TOTREMOVALS,Catch,P.Halibut,1943,12854.79728,1285.479728,3.42654E-06
HalibutComm_RARA2047,TOTREMOVALS,Catch,P.Halibut,1944,12287.80728,1228.780728,3.42654E-06
HalibutComm_RARA2048,TOTREMOVALS,Catch,P.Halibut,1945,13421.78728,1342.178728,3.42654E-06
HalibutComm_RARA2049,TOTREMOVALS,Catch,P.Halibut,1946,14015.9928,1401.59928,3.42654E-06
HalibutComm_RARA2050,TOTREMOVALS,Catch,P.Halibut,1947,12596.24984,1259.624984,3.42654E-06
HalibutComm_RARA2051,TOTREMOVALS,Catch,P.Halibut,1948,12442.02856,1244.202856,3.42654E-06
HalibutComm_RARA2052,TOTREMOVALS,Catch,P.Halibut,1949,12927.372,1292.7372,3.42654E-06
HalibutComm_RARA2053,TOTREMOVALS,Catch,P.Halibut,1950,13680.33472,1368.033472,3.42654E-06
HalibutComm_RARA2054,TOTREMOVALS,Catch,P.Halibut,1951,11521.2368,1152.12368,3.42654E-06
HalibutComm_RARA2055,TOTREMOVALS,Catch,P.Halibut,1952,14011.45688,1401.145688,3.42654E-06
HalibutComm_RARA2056,TOTREMOVALS,Catch,P.Halibut,1953,12088.2268,1208.82268,3.42654E-06
HalibutComm_RARA2057,TOTREMOVALS,Catch,P.Halibut,1954,15272.44264,1527.244264,3.42654E-06
HalibutComm_RARA2058,TOTREMOVALS,Catch,P.Halibut,1955,13439.93096,1343.993096,3.42654E-06
HalibutComm_RARA2059,TOTREMOVALS,Catch,P.Halibut,1956,14165.67816,1416.567816,3.42654E-06
HalibutComm_RARA2060,TOTREMOVALS,Catch,P.Halibut,1957,13734.76576,1373.476576,3.42654E-06
HalibutComm_RARA2061,TOTREMOVALS,Catch,P.Halibut,1958,14569.37504,1456.937504,3.42654E-06
HalibutComm_RARA2062,TOTREMOVALS,Catch,P.Halibut,1959,16492.60512,1649.260512,3.42654E-06
HalibutComm_RARA2063,TOTREMOVALS,Catch,P.Halibut,1960,15399.4484,1539.94484,3.42654E-06
HalibutComm_RARA2064,TOTREMOVALS,Catch,P.Halibut,1961,16488.0692,1648.80692,3.42654E-06
HalibutComm_RARA2065,TOTREMOVALS,Catch,P.Halibut,1962,17018.77184,1701.877184,3.42654E-06
HalibutComm_RARA2066,TOTREMOVALS,Catch,P.Halibut,1963,16460.85368,1646.085368,3.42654E-06
HalibutComm_RARA2067,TOTREMOVALS,Catch,P.Halibut,1964,17055.0592,1705.50592,3.42654E-06
HalibutComm_RARA2068,TOTREMOVALS,Catch,P.Halibut,1965,16805.5836,1680.55836,3.42654E-06
HalibutComm_RARA2069,TOTREMOVALS,Catch,P.Halibut,1966,16701.25744,1670.125744,3.42654E-06
HalibutComm_RARA2070,TOTREMOVALS,Catch,P.Halibut,1967,14932.24864,1493.224864,3.42654E-06
HalibutComm_RARA2071,TOTREMOVALS,Catch,P.Halibut,1968,13879.9152,1387.99152,3.42654E-06
HalibutComm_RARA2072,TOTREMOVALS,Catch,P.Halibut,1969,15422.128,1542.2128,3.42654E-06
HalibutComm_RARA2073,TOTREMOVALS,Catch,P.Halibut,1970,15095.54176,1509.554176,3.42654E-06
HalibutComm_RARA2074,TOTREMOVALS,Catch,P.Halibut,1971,13063.4496,1306.34496,3.42654E-06
HalibutComm_RARA2075,TOTREMOVALS,Catch,P.Halibut,1972,11602.88336,1160.288336,3.42654E-06
HalibutComm_RARA2076,TOTREMOVALS,Catch,P.Halibut,1973,8296.19768,829.619768,3.42654E-06
HalibutComm_RARA2077,TOTREMOVALS,Catch,P.Halibut,1974,4472.41712,447.241712,3.42654E-06
HalibutComm_RARA2078,TOTREMOVALS,Catch,P.Halibut,1975,5969.27072,596.927072,3.42654E-06
HalibutComm_RARA2079,TOTREMOVALS,Catch,P.Halibut,1976,6245.96184,624.596184,3.42654E-06
HalibutComm_RARA2080,TOTREMOVALS,Catch,P.Halibut,1977,5365.99336,536.599336,3.42654E-06
HalibutComm_RARA2081,TOTREMOVALS,Catch,P.Halibut,1978,5270.73904,527.073904,3.42654E-06
HalibutComm_RARA2082,TOTREMOVALS,Catch,P.Halibut,1979,5320.63416,532.063416,3.42654E-06
HalibutComm_RARA2083,TOTREMOVALS,Catch,P.Halibut,1980,5556.502,555.6502,3.42654E-06
HalibutComm_RARA2084,TOTREMOVALS,Catch,P.Halibut,1981,6658.73056,665.873056,3.42654E-06
HalibutComm_RARA2085,TOTREMOVALS,Catch,P.Halibut,1982,8309.80544,830.980544,3.42654E-06
HalibutComm_RARA2086,TOTREMOVALS,Catch,P.Halibut,1983,9929.12888,992.912888,3.42654E-06
HalibutComm_RARA2087,TOTREMOVALS,Catch,P.Halibut,1984,12002.04432,1200.204432,3.42654E-06
HalibutComm_RARA2088,TOTREMOVALS,Catch,P.Halibut,1985,14392.47416,1439.247416,3.42654E-06
HalibutComm_RARA2089,TOTREMOVALS,Catch,P.Halibut,1986,18878.49904,1887.849904,3.42654E-06
HalibutComm_RARA2090,TOTREMOVALS,Catch,P.Halibut,1987,17721.83944,1772.183944,3.42654E-06
HalibutComm_RARA2091,TOTREMOVALS,Catch,P.Halibut,1988,20407.10408,2040.710408,3.42654E-06
HalibutComm_RARA2092,TOTREMOVALS,Catch,P.Halibut,1989,18860.35536,1886.035536,3.42654E-06
HalibutComm_RARA2093,TOTREMOVALS,Catch,P.Halibut,1990,17027.84368,1702.784368,3.42654E-06
HalibutComm_RARA2094,TOTREMOVALS,Catch,P.Halibut,1991,15812.21712,1581.221712,3.42654E-06
HalibutComm_RARA2095,TOTREMOVALS,Catch,P.Halibut,1992,16057.1568,1605.71568,3.42654E-06
HalibutComm_RARA2096,TOTREMOVALS,Catch,P.Halibut,1993,13879.9152,1387.99152,3.42654E-06
HalibutComm_RARA2097,TOTREMOVALS,Catch,P.Halibut,1994,13018.0904,1301.80904,3.42654E-06
HalibutComm_RARA2098,TOTREMOVALS,Catch,P.Halibut,1995,9738.62024,973.862024,3.42654E-06
HalibutComm_RARA2099,TOTREMOVALS,Catch,P.Halibut,1996,10591.3732,1059.13732,3.42654E-06
HalibutComm_RARA2100,TOTREMOVALS,Catch,P.Halibut,1997,15286.0504,1528.60504,3.42654E-06
HalibutComm_RARA2101,TOTREMOVALS,Catch,P.Halibut,1998,16719.40112,1671.940112,3.42654E-06
HalibutComm_RARA2102,TOTREMOVALS,Catch,P.Halibut,1999,17762.66272,1776.266272,3.42654E-06
HalibutComm_RARA2103,TOTREMOVALS,Catch,P.Halibut,2000,15730.57056,1573.057056,3.42654E-06
HalibutComm_RARA2104,TOTREMOVALS,Catch,P.Halibut,2001,17182.06496,1718.206496,3.42654E-06
HalibutComm_RARA2105,TOTREMOVALS,Catch,P.Halibut,2002,18343.26048,1834.326048,3.42654E-06
HalibutComm_RARA2106,TOTREMOVALS,Catch,P.Halibut,2003,18130.07224,1813.007224,3.42654E-06
HalibutComm_RARA2107,TOTREMOVALS,Catch,P.Halibut,2004,18429.44296,1842.944296,3.42654E-06
HalibutComm_RARA2108,TOTREMOVALS,Catch,P.Halibut,2005,17780.8064,1778.08064,3.42654E-06
HalibutComm_RARA2109,TOTREMOVALS,Catch,P.Halibut,2006,16556.108,1655.6108,3.42654E-06
HalibutComm_RARA2110,TOTREMOVALS,Catch,P.Halibut,2007,16211.37808,1621.137808,3.42654E-06
HalibutComm_RARA2111,TOTREMOVALS,Catch,P.Halibut,2008,15998.18984,1599.818984,3.42654E-06
HalibutComm_RARA2112,TOTREMOVALS,Catch,P.Halibut,2009,14759.88368,1475.988368,3.42654E-06
HalibutComm_RARA2113,TOTREMOVALS,Catch,P.Halibut,2010,13884.45112,1388.445112,3.42654E-06
HalibutComm_RARA2114,TOTREMOVALS,Catch,P.Halibut,2011,9974.48808,997.448808,3.42654E-06
HalibutComm_RARA2115,TOTREMOVALS,Catch,P.Halibut,2012,7747.35136,774.735136,3.42654E-06
HalibutComm_RARA2116,TOTREMOVALS,Catch,P.Halibut,2013,6880.99064,688.099064,3.42654E-06
HalibutComm_RARA2117,TOTREMOVALS,Catch,P.Halibut,2014,4799.00336,479.900336,3.42654E-06
HalibutComm_RARA2118,TOTREMOVALS,Catch,P.Halibut,2015,4830.7548,483.07548,3.42654E-06
SarahPrevious,CLEAN,Catch,Pandalidae,1950,0,0,3.42654E-06
SarahPrevious,CLEAN,Catch,Pandalidae,1951,0,0,3.42654E-06
SarahPrevious,CLEAN,Catch,Pandalidae,1952,0,0,3.42654E-06
SarahPrevious,CLEAN,Catch,Pandalidae,1953,0,0,3.42654E-06
SarahPrevious,CLEAN,Catch,Pandalidae,1954,0,0,3.42654E-06
SarahPrevious,CLEAN,Catch,Pandalidae,1955,0,0,3.42654E-06
SarahPrevious,CLEAN,Catch,Pandalidae,1956,0,0,3.42654E-06
SarahPrevious,CLEAN,Catch,Pandalidae,1957,0,0,3.42654E-06
SarahPrevious,CLEAN,Catch,Pandalidae,1958,0,0,3.42654E-06
SarahPrevious,CLEAN,Catch,Pandalidae,1959,0,0,3.42654E-06
SarahPrevious,CLEAN,Catch,Pandalidae,1960,1451,145.1,3.42654E-06
SarahPrevious,CLEAN,Catch,Pandalidae,1961,5027,502.7,3.42654E-06
SarahPrevious,CLEAN,Catch,Pandalidae,1962,5740,574,3.42654E-06
SarahPrevious,CLEAN,Catch,Pandalidae,1963,4590,459,3.42654E-06
SarahPrevious,CLEAN,Catch,Pandalidae,1964,1968,196.8,3.42654E-06
SarahPrevious,CLEAN,Catch,Pandalidae,1965,6270,627,3.42654E-06
SarahPrevious,CLEAN,Catch,Pandalidae,1966,10930,1093,3.42654E-06
SarahPrevious,CLEAN,Catch,Pandalidae,1967,17358,1735.8,3.42654E-06
SarahPrevious,CLEAN,Catch,Pandalidae,1968,15635,1563.5,3.42654E-06
SarahPrevious,CLEAN,Catch,Pandalidae,1969,20514,2051.4,3.42654E-06
SarahPrevious,CLEAN,Catch,Pandalidae,1970,33289,3328.9,3.42654E-06
SarahPrevious,CLEAN,Catch,Pandalidae,1971,39351,3935.1,3.42654E-06
SarahPrevious,CLEAN,Catch,Pandalidae,1972,37677,3767.7,3.42654E-06
SarahPrevious,CLEAN,Catch,Pandalidae,1973,92536,9253.6,3.42654E-06
SarahPrevious,CLEAN,Catch,Pandalidae,1974,51250,5125,3.42654E-06
SarahPrevious,CLEAN,Catch,Pandalidae,1975,44621,4462.1,3.42654E-06
SarahPrevious,CLEAN,Catch,Pandalidae,1976,52773,5277.3,3.42654E-06
SarahPrevious,CLEAN,Catch,Pandalidae,1977,46988,4698.8,3.42654E-06
SarahPrevious,CLEAN,Catch,Pandalidae,1978,26933,2693.3,3.42654E-06
SarahPrevious,CLEAN,Catch,Pandalidae,1979,20756,2075.6,3.42654E-06
SarahPrevious,CLEAN,Catch,Pandalidae,1980,21068,2106.8,3.42654E-06
SarahPrevious,CLEAN,Catch,Pandalidae,1981,11048,1104.8,3.42654E-06
SarahPrevious,CLEAN,Catch,Pandalidae,1982,6269,626.9,3.42654E-06
SarahPrevious,CLEAN,Catch,Pandalidae,1983,1870,187,3.42654E-06
SarahPrevious,CLEAN,Catch,Pandalidae,1984,2973,297.3,3.42654E-06
SarahPrevious,CLEAN,Catch,Pandalidae,1985,1312,131.2,3.42654E-06
SarahPrevious,CLEAN,Catch,Pandalidae,1986,399,39.9,3.42654E-06
SarahPrevious,CLEAN,Catch,Pandalidae,1987,30,3,3.42654E-06
SarahPrevious,CLEAN,Catch,Pandalidae,1988,11,1.1,3.42654E-06
SarahPrevious,CLEAN,Catch,Pandalidae,1989,9,0.9,3.42654E-06
SarahPrevious,CLEAN,Catch,Pandalidae,1990,4,0.4,3.42654E-06
SarahPrevious,CLEAN,Catch,Pandalidae,1991,6,0.6,3.42654E-06
SarahPrevious,CLEAN,Catch,Pandalidae,1992,52,5.2,3.42654E-06
SarahPrevious,CLEAN,Catch,Pandalidae,1993,104,10.4,3.42654E-06
SarahPrevious,CLEAN,Catch,Pandalidae,1994,15,1.5,3.42654E-06
SarahPrevious,CLEAN,Catch,Pandalidae,1995,0,0,3.42654E-06
SarahPrevious,CLEAN,Catch,Pandalidae,1996,0,0,3.42654E-06
SarahPrevious,CLEAN,Catch,Pandalidae,1997,5,0.5,3.42654E-06
SarahPrevious,CLEAN,Catch,Pandalidae,1998,16,1.6,3.42654E-06
SarahPrevious,CLEAN,Catch,Pandalidae,1999,0,0,3.42654E-06
SarahPrevious,CLEAN,Catch,Pandalidae,2000,0,0,3.42654E-06
SarahPrevious,CLEAN,Catch,Pandalidae,2001,0,0,3.42654E-06
SarahPrevious,CLEAN,Catch,Pandalidae,2002,0,0,3.42654E-06
POPGOA2015,TOTALCATCH,Catch,POP,1961,16109,1610.9,3.42654E-06
POPGOA2015,TOTALCATCH,Catch,POP,1962,65816,6581.6,3.42654E-06
POPGOA2015,TOTALCATCH,Catch,POP,1963,138316,13831.6,3.42654E-06
POPGOA2015,TOTALCATCH,Catch,POP,1964,248275,24827.5,3.42654E-06
POPGOA2015,TOTALCATCH,Catch,POP,1965,351898,35189.8,3.42654E-06
POPGOA2015,TOTALCATCH,Catch,POP,1966,198146,19814.6,3.42654E-06
POPGOA2015,TOTALCATCH,Catch,POP,1967,118824,11882.4,3.42654E-06
POPGOA2015,TOTALCATCH,Catch,POP,1968,99701,9970.1,3.42654E-06
POPGOA2015,TOTALCATCH,Catch,POP,1969,72272,7227.2,3.42654E-06
POPGOA2015,TOTALCATCH,Catch,POP,1970,44748,4474.8,3.42654E-06
POPGOA2015,TOTALCATCH,Catch,POP,1971,76670,7667,3.42654E-06
POPGOA2015,TOTALCATCH,Catch,POP,1972,76465,7646.5,3.42654E-06
POPGOA2015,TOTALCATCH,Catch,POP,1973,55706,5570.6,3.42654E-06
POPGOA2015,TOTALCATCH,Catch,POP,1974,50626,5062.6,3.42654E-06
POPGOA2015,TOTALCATCH,Catch,POP,1975,50216,5021.6,3.42654E-06
POPGOA2015,TOTALCATCH,Catch,POP,1976,45223,4522.3,3.42654E-06
POPGOA2015,TOTALCATCH,Catch,POP,1977,21578,2157.8,3.42654E-06
POPGOA2015,TOTALCATCH,Catch,POP,1978,8017,801.7,3.42654E-06
POPGOA2015,TOTALCATCH,Catch,POP,1979,8335,833.5,3.42654E-06
POPGOA2015,TOTALCATCH,Catch,POP,1980,10888,1088.8,3.42654E-06
POPGOA2015,TOTALCATCH,Catch,POP,1981,10615,1061.5,3.42654E-06
POPGOA2015,TOTALCATCH,Catch,POP,1982,5439,543.9,3.42654E-06
POPGOA2015,TOTALCATCH,Catch,POP,1983,2835,283.5,3.42654E-06
POPGOA2015,TOTALCATCH,Catch,POP,1984,2767,276.7,3.42654E-06
POPGOA2015,TOTALCATCH,Catch,POP,1985,804,80.4,3.42654E-06
POPGOA2015,TOTALCATCH,Catch,POP,1986,2213,221.3,3.42654E-06
POPGOA2015,TOTALCATCH,Catch,POP,1987,4526,452.6,3.42654E-06
POPGOA2015,TOTALCATCH,Catch,POP,1988,8617,861.7,3.42654E-06
POPGOA2015,TOTALCATCH,Catch,POP,1989,11919,1191.9,3.42654E-06
POPGOA2015,TOTALCATCH,Catch,POP,1990,13058,1305.8,3.42654E-06
POPGOA2015,TOTALCATCH,Catch,POP,1991,6543,654.3,3.42654E-06
POPGOA2015,TOTALCATCH,Catch,POP,1992,6533,653.3,3.42654E-06
POPGOA2015,TOTALCATCH,Catch,POP,1993,2068,206.8,3.42654E-06
POPGOA2015,TOTALCATCH,Catch,POP,1994,1849,184.9,3.42654E-06
POPGOA2015,TOTALCATCH,Catch,POP,1995,5753,575.3,3.42654E-06
POPGOA2015,TOTALCATCH,Catch,POP,1996,8397,839.7,3.42654E-06
POPGOA2015,TOTALCATCH,Catch,POP,1997,9539,953.9,3.42654E-06
POPGOA2015,TOTALCATCH,Catch,POP,1998,8926,892.6,3.42654E-06
POPGOA2015,TOTALCATCH,Catch,POP,1999,10506,1050.6,3.42654E-06
POPGOA2015,TOTALCATCH,Catch,POP,2000,10174,1017.4,3.42654E-06
POPGOA2015,TOTALCATCH,Catch,POP,2001,10854,1085.4,3.42654E-06
POPGOA2015,TOTALCATCH,Catch,POP,2002,11768,1176.8,3.42654E-06
POPGOA2015,TOTALCATCH,Catch,POP,2003,10816,1081.6,3.42654E-06
POPGOA2015,TOTALCATCH,Catch,POP,2004,11596,1159.6,3.42654E-06
POPGOA2015,TOTALCATCH,Catch,POP,2005,11220,1122,3.42654E-06
POPGOA2015,TOTALCATCH,Catch,POP,2006,13545,1354.5,3.42654E-06
POPGOA2015,TOTALCATCH,Catch,POP,2007,12921,1292.1,3.42654E-06
POPGOA2015,TOTALCATCH,Catch,POP,2008,12431,1243.1,3.42654E-06
POPGOA2015,TOTALCATCH,Catch,POP,2009,12923,1292.3,3.42654E-06
POPGOA2015,TOTALCATCH,Catch,POP,2010,15517,1551.7,3.42654E-06
POPGOA2015,TOTALCATCH,Catch,POP,2011,14144,1414.4,3.42654E-06
POPGOA2015,TOTALCATCH,Catch,POP,2012,14830,1483,3.42654E-06
POPGOA2015,TOTALCATCH,Catch,POP,2013,13166,1316.6,3.42654E-06
POPGOA2015,TOTALCATCH,Catch,POP,2014,17617,1761.7,3.42654E-06
NORKGOA2015,TOTALCATCH,Catch,Rockfish,1961,826,82.6,3.42654E-06
NORKGOA2015,TOTALCATCH,Catch,Rockfish,1962,3309,330.9,3.42654E-06
NORKGOA2015,TOTALCATCH,Catch,Rockfish,1963,6982,698.2,3.42654E-06
NORKGOA2015,TOTALCATCH,Catch,Rockfish,1964,12784,1278.4,3.42654E-06
NORKGOA2015,TOTALCATCH,Catch,Rockfish,1965,19031,1903.1,3.42654E-06
NORKGOA2015,TOTALCATCH,Catch,Rockfish,1966,10479,1047.9,3.42654E-06
NORKGOA2015,TOTALCATCH,Catch,Rockfish,1967,6119,611.9,3.42654E-06
NORKGOA2015,TOTALCATCH,Catch,Rockfish,1968,5074,507.4,3.42654E-06
NORKGOA2015,TOTALCATCH,Catch,Rockfish,1969,3651,365.1,3.42654E-06
NORKGOA2015,TOTALCATCH,Catch,Rockfish,1970,2256,225.6,3.42654E-06
NORKGOA2015,TOTALCATCH,Catch,Rockfish,1971,3894,389.4,3.42654E-06
NORKGOA2015,TOTALCATCH,Catch,Rockfish,1972,3902,390.2,3.42654E-06
NORKGOA2015,TOTALCATCH,Catch,Rockfish,1973,2832,283.2,3.42654E-06
NORKGOA2015,TOTALCATCH,Catch,Rockfish,1974,2560,256,3.42654E-06
NORKGOA2015,TOTALCATCH,Catch,Rockfish,1975,2528,252.8,3.42654E-06
NORKGOA2015,TOTALCATCH,Catch,Rockfish,1976,2281,228.1,3.42654E-06
NORKGOA2015,TOTALCATCH,Catch,Rockfish,1977,635,63.5,3.42654E-06
DUSKYGOA2015,TOTALCATCH,Catch,Rockfish,1977,701,70.1,3.42654E-06
BLACKSPOTTEDGOA2015,TOTALCATCH,Catch,Rockfish,1977,1445,144.5,3.42654E-06
DUSKYGOA2015,TOTALCATCH,Catch,Rockfish,1978,424,42.4,3.42654E-06
NORKGOA2015,TOTALCATCH,Catch,Rockfish,1978,555,55.5,3.42654E-06
BLACKSPOTTEDGOA2015,TOTALCATCH,Catch,Rockfish,1978,574,57.4,3.42654E-06
DUSKYGOA2015,TOTALCATCH,Catch,Rockfish,1979,492,49.2,3.42654E-06
BLACKSPOTTEDGOA2015,TOTALCATCH,Catch,Rockfish,1979,650,65,3.42654E-06
NORKGOA2015,TOTALCATCH,Catch,Rockfish,1979,672,67.2,3.42654E-06
NORKGOA2015,TOTALCATCH,Catch,Rockfish,1980,812,81.2,3.42654E-06
DUSKYGOA2015,TOTALCATCH,Catch,Rockfish,1980,822,82.2,3.42654E-06
BLACKSPOTTEDGOA2015,TOTALCATCH,Catch,Rockfish,1980,1352,135.2,3.42654E-06
THORNYGOA2015,TOTALCATCH,Catch,Rockfish,1980,1485,148.5,3.42654E-06
BLACKSPOTTEDGOA2015,TOTALCATCH,Catch,Rockfish,1981,723,72.3,3.42654E-06
DUSKYGOA2015,TOTALCATCH,Catch,Rockfish,1981,980,98,3.42654E-06
THORNYGOA2015,TOTALCATCH,Catch,Rockfish,1981,1340,134,3.42654E-06
NORKGOA2015,TOTALCATCH,Catch,Rockfish,1981,1478,147.8,3.42654E-06
BLACKSPOTTEDGOA2015,TOTALCATCH,Catch,Rockfish,1982,573,57.3,3.42654E-06
THORNYGOA2015,TOTALCATCH,Catch,Rockfish,1982,787,78.7,3.42654E-06
DUSKYGOA2015,TOTALCATCH,Catch,Rockfish,1982,969,96.9,3.42654E-06
NORKGOA2015,TOTALCATCH,Catch,Rockfish,1982,3916,391.6,3.42654E-06
BLACKSPOTTEDGOA2015,TOTALCATCH,Catch,Rockfish,1983,632,63.2,3.42654E-06
THORNYGOA2015,TOTALCATCH,Catch,Rockfish,1983,729,72.9,3.42654E-06
DUSKYGOA2015,TOTALCATCH,Catch,Rockfish,1983,1063,106.3,3.42654E-06
NORKGOA2015,TOTALCATCH,Catch,Rockfish,1983,3615,361.5,3.42654E-06
THORNYGOA2015,TOTALCATCH,Catch,Rockfish,1984,208,20.8,3.42654E-06
BLACKSPOTTEDGOA2015,TOTALCATCH,Catch,Rockfish,1984,766,76.6,3.42654E-06
DUSKYGOA2015,TOTALCATCH,Catch,Rockfish,1984,778,77.8,3.42654E-06
NORKGOA2015,TOTALCATCH,Catch,Rockfish,1984,1003,100.3,3.42654E-06
THORNYGOA2015,TOTALCATCH,Catch,Rockfish,1985,82,8.2,3.42654E-06
BLACKSPOTTEDGOA2015,TOTALCATCH,Catch,Rockfish,1985,134,13.4,3.42654E-06
DUSKYGOA2015,TOTALCATCH,Catch,Rockfish,1985,179,17.9,3.42654E-06
NORKGOA2015,TOTALCATCH,Catch,Rockfish,1985,186,18.6,3.42654E-06
DUSKYGOA2015,TOTALCATCH,Catch,Rockfish,1986,132,13.2,3.42654E-06
NORKGOA2015,TOTALCATCH,Catch,Rockfish,1986,249,24.9,3.42654E-06
BLACKSPOTTEDGOA2015,TOTALCATCH,Catch,Rockfish,1986,444,44.4,3.42654E-06
THORNYGOA2015,TOTALCATCH,Catch,Rockfish,1986,714,71.4,3.42654E-06
DUSKYGOA2015,TOTALCATCH,Catch,Rockfish,1987,149,14.9,3.42654E-06
NORKGOA2015,TOTALCATCH,Catch,Rockfish,1987,485,48.5,3.42654E-06
BLACKSPOTTEDGOA2015,TOTALCATCH,Catch,Rockfish,1987,528,52.8,3.42654E-06
THORNYGOA2015,TOTALCATCH,Catch,Rockfish,1987,1877,187.7,3.42654E-06
NORKGOA2015,TOTALCATCH,Catch,Rockfish,1988,1109,110.9,3.42654E-06
DUSKYGOA2015,TOTALCATCH,Catch,Rockfish,1988,1332,133.2,3.42654E-06
BLACKSPOTTEDGOA2015,TOTALCATCH,Catch,Rockfish,1988,1596,159.6,3.42654E-06
THORNYGOA2015,TOTALCATCH,Catch,Rockfish,1988,2181,218.1,3.42654E-06
NORKGOA2015,TOTALCATCH,Catch,Rockfish,1989,1528,152.8,3.42654E-06
DUSKYGOA2015,TOTALCATCH,Catch,Rockfish,1989,1800,180,3.42654E-06
BLACKSPOTTEDGOA2015,TOTALCATCH,Catch,Rockfish,1989,2140,214,3.42654E-06
THORNYGOA2015,TOTALCATCH,Catch,Rockfish,1989,2616,261.6,3.42654E-06
DSRSEO2015,TOTALCATCH,Catch,Rockfish,1990,379,37.9,3.42654E-06
DUSKYGOA2015,TOTALCATCH,Catch,Rockfish,1990,1319,131.9,3.42654E-06
THORNYGOA2015,TOTALCATCH,Catch,Rockfish,1990,1576,157.6,3.42654E-06
NORKGOA2015,TOTALCATCH,Catch,Rockfish,1990,1716,171.6,3.42654E-06
BLACKSPOTTEDGOA2015,TOTALCATCH,Catch,Rockfish,1990,2337,233.7,3.42654E-06
OROCKGOA2015,TOTALCATCH,Catch,Rockfish,1991,278,27.8,3.42654E-06
BLACKSPOTTEDGOA2015,TOTALCATCH,Catch,Rockfish,1991,353,35.3,3.42654E-06
DSRSEO2015,TOTALCATCH,Catch,Rockfish,1991,889,88.9,3.42654E-06
DUSKYGOA2015,TOTALCATCH,Catch,Rockfish,1991,1464,146.4,3.42654E-06
THORNYGOA2015,TOTALCATCH,Catch,Rockfish,1991,1535,153.5,3.42654E-06
NORKGOA2015,TOTALCATCH,Catch,Rockfish,1991,4508,450.8,3.42654E-06
DSRSEO2015,TOTALCATCH,Catch,Rockfish,1992,503,50.3,3.42654E-06
BLACKSPOTTEDGOA2015,TOTALCATCH,Catch,Rockfish,1992,1105,110.5,3.42654E-06
OROCKGOA2015,TOTALCATCH,Catch,Rockfish,1992,1674,167.4,3.42654E-06
THORNYGOA2015,TOTALCATCH,Catch,Rockfish,1992,2025,202.5,3.42654E-06
DUSKYGOA2015,TOTALCATCH,Catch,Rockfish,1992,3233,323.3,3.42654E-06
NORKGOA2015,TOTALCATCH,Catch,Rockfish,1992,7711,771.1,3.42654E-06
BLACKSPOTTEDGOA2015,TOTALCATCH,Catch,Rockfish,1993,576,57.6,3.42654E-06
DSRSEO2015,TOTALCATCH,Catch,Rockfish,1993,901,90.1,3.42654E-06
THORNYGOA2015,TOTALCATCH,Catch,Rockfish,1993,1337,133.7,3.42654E-06
SHORTRAKERGOA2015,TOTALCATCH,Catch,Rockfish,1993,1932,193.2,3.42654E-06
DUSKYGOA2015,TOTALCATCH,Catch,Rockfish,1993,2942,294.2,3.42654E-06
NORKGOA2015,TOTALCATCH,Catch,Rockfish,1993,4802,480.2,3.42654E-06
OROCKGOA2015,TOTALCATCH,Catch,Rockfish,1993,5423,542.3,3.42654E-06
DSRSEO2015,TOTALCATCH,Catch,Rockfish,1994,441,44.1,3.42654E-06
BLACKSPOTTEDGOA2015,TOTALCATCH,Catch,Rockfish,1994,578,57.8,3.42654E-06
THORNYGOA2015,TOTALCATCH,Catch,Rockfish,1994,1236,123.6,3.42654E-06
OROCKGOA2015,TOTALCATCH,Catch,Rockfish,1994,1613,161.3,3.42654E-06
SHORTRAKERGOA2015,TOTALCATCH,Catch,Rockfish,1994,1832,183.2,3.42654E-06
DUSKYGOA2015,TOTALCATCH,Catch,Rockfish,1994,2776,277.6,3.42654E-06
NORKGOA2015,TOTALCATCH,Catch,Rockfish,1994,5935,593.5,3.42654E-06
DSRSEO2015,TOTALCATCH,Catch,Rockfish,1995,282,28.2,3.42654E-06
BLACKSPOTTEDGOA2015,TOTALCATCH,Catch,Rockfish,1995,702,70.2,3.42654E-06
THORNYGOA2015,TOTALCATCH,Catch,Rockfish,1995,1027,102.7,3.42654E-06
OROCKGOA2015,TOTALCATCH,Catch,Rockfish,1995,1397,139.7,3.42654E-06
SHORTRAKERGOA2015,TOTALCATCH,Catch,Rockfish,1995,2250,225,3.42654E-06
DUSKYGOA2015,TOTALCATCH,Catch,Rockfish,1995,2727,272.7,3.42654E-06
NORKGOA2015,TOTALCATCH,Catch,Rockfish,1995,5607,560.7,3.42654E-06
DSRSEO2015,TOTALCATCH,Catch,Rockfish,1996,436,43.6,3.42654E-06
BLACKSPOTTEDGOA2015,TOTALCATCH,Catch,Rockfish,1996,557,55.7,3.42654E-06
OROCKGOA2015,TOTALCATCH,Catch,Rockfish,1996,881,88.1,3.42654E-06
THORNYGOA2015,TOTALCATCH,Catch,Rockfish,1996,1013,101.3,3.42654E-06
SHORTRAKERGOA2015,TOTALCATCH,Catch,Rockfish,1996,1661,166.1,3.42654E-06
DUSKYGOA2015,TOTALCATCH,Catch,Rockfish,1996,2251,225.1,3.42654E-06
NORKGOA2015,TOTALCATCH,Catch,Rockfish,1996,3333,333.3,3.42654E-06
DSRSEO2015,TOTALCATCH,Catch,Rockfish,1997,381,38.1,3.42654E-06
BLACKSPOTTEDGOA2015,TOTALCATCH,Catch,Rockfish,1997,544,54.4,3.42654E-06
THORNYGOA2015,TOTALCATCH,Catch,Rockfish,1997,1109,110.9,3.42654E-06
OROCKGOA2015,TOTALCATCH,Catch,Rockfish,1997,1217,121.7,3.42654E-06
SHORTRAKERGOA2015,TOTALCATCH,Catch,Rockfish,1997,1609,160.9,3.42654E-06
DUSKYGOA2015,TOTALCATCH,Catch,Rockfish,1997,2443,244.3,3.42654E-06
NORKGOA2015,TOTALCATCH,Catch,Rockfish,1997,2931,293.1,3.42654E-06
DSRSEO2015,TOTALCATCH,Catch,Rockfish,1998,363,36.3,3.42654E-06
BLACKSPOTTEDGOA2015,TOTALCATCH,Catch,Rockfish,1998,663,66.3,3.42654E-06
OROCKGOA2015,TOTALCATCH,Catch,Rockfish,1998,861,86.1,3.42654E-06
THORNYGOA2015,TOTALCATCH,Catch,Rockfish,1998,1149,114.9,3.42654E-06
SHORTRAKERGOA2015,TOTALCATCH,Catch,Rockfish,1998,1734,173.4,3.42654E-06
NORKGOA2015,TOTALCATCH,Catch,Rockfish,1998,3050,305,3.42654E-06
DUSKYGOA2015,TOTALCATCH,Catch,Rockfish,1998,3065,306.5,3.42654E-06
BLACKSPOTTEDGOA2015,TOTALCATCH,Catch,Rockfish,1999,320,32,3.42654E-06
DSRSEO2015,TOTALCATCH,Catch,Rockfish,1999,348,34.8,3.42654E-06
OROCKGOA2015,TOTALCATCH,Catch,Rockfish,1999,788,78.8,3.42654E-06
THORNYGOA2015,TOTALCATCH,Catch,Rockfish,1999,1113,111.3,3.42654E-06
SHORTRAKERGOA2015,TOTALCATCH,Catch,Rockfish,1999,1311,131.1,3.42654E-06
DUSKYGOA2015,TOTALCATCH,Catch,Rockfish,1999,4417,441.7,3.42654E-06
NORKGOA2015,TOTALCATCH,Catch,Rockfish,1999,5385,538.5,3.42654E-06
DSRSEO2015,TOTALCATCH,Catch,Rockfish,2000,282,28.2,3.42654E-06
BLACKSPOTTEDGOA2015,TOTALCATCH,Catch,Rockfish,2000,530,53,3.42654E-06
OROCKGOA2015,TOTALCATCH,Catch,Rockfish,2000,577,57.7,3.42654E-06
THORNYGOA2015,TOTALCATCH,Catch,Rockfish,2000,1134,113.4,3.42654E-06
SHORTRAKERGOA2015,TOTALCATCH,Catch,Rockfish,2000,1745,174.5,3.42654E-06
NORKGOA2015,TOTALCATCH,Catch,Rockfish,2000,3326,332.6,3.42654E-06
DUSKYGOA2015,TOTALCATCH,Catch,Rockfish,2000,3629,362.9,3.42654E-06
DSRSEO2015,TOTALCATCH,Catch,Rockfish,2001,326,32.6,3.42654E-06
OROCKGOA2015,TOTALCATCH,Catch,Rockfish,2001,559,55.9,3.42654E-06
BLACKSPOTTEDGOA2015,TOTALCATCH,Catch,Rockfish,2001,591,59.1,3.42654E-06
THORNYGOA2015,TOTALCATCH,Catch,Rockfish,2001,995,99.5,3.42654E-06
SHORTRAKERGOA2015,TOTALCATCH,Catch,Rockfish,2001,1976,197.6,3.42654E-06
DUSKYGOA2015,TOTALCATCH,Catch,Rockfish,2001,2946,294.6,3.42654E-06
NORKGOA2015,TOTALCATCH,Catch,Rockfish,2001,3128,312.8,3.42654E-06
BLACKSPOTTEDGOA2015,TOTALCATCH,Catch,Rockfish,2002,273,27.3,3.42654E-06
DSRSEO2015,TOTALCATCH,Catch,Rockfish,2002,292,29.2,3.42654E-06
OROCKGOA2015,TOTALCATCH,Catch,Rockfish,2002,774,77.4,3.42654E-06
THORNYGOA2015,TOTALCATCH,Catch,Rockfish,2002,1045,104.5,3.42654E-06
SHORTRAKERGOA2015,TOTALCATCH,Catch,Rockfish,2002,1323,132.3,3.42654E-06
DUSKYGOA2015,TOTALCATCH,Catch,Rockfish,2002,3238,323.8,3.42654E-06
NORKGOA2015,TOTALCATCH,Catch,Rockfish,2002,3332,333.2,3.42654E-06
DSRSEO2015,TOTALCATCH,Catch,Rockfish,2003,276,27.6,3.42654E-06
BLACKSPOTTEDGOA2015,TOTALCATCH,Catch,Rockfish,2003,394,39.4,3.42654E-06
OROCKGOA2015,TOTALCATCH,Catch,Rockfish,2003,1069,106.9,3.42654E-06
THORNYGOA2015,TOTALCATCH,Catch,Rockfish,2003,1133,113.3,3.42654E-06
SHORTRAKERGOA2015,TOTALCATCH,Catch,Rockfish,2003,1402,140.2,3.42654E-06
DUSKYGOA2015,TOTALCATCH,Catch,Rockfish,2003,2976,297.6,3.42654E-06
NORKGOA2015,TOTALCATCH,Catch,Rockfish,2003,5228,522.8,3.42654E-06
BLACKSPOTTEDGOA2015,TOTALCATCH,Catch,Rockfish,2004,301,30.1,3.42654E-06
DSRSEO2015,TOTALCATCH,Catch,Rockfish,2004,325,32.5,3.42654E-06
THORNYGOA2015,TOTALCATCH,Catch,Rockfish,2004,823,82.3,3.42654E-06
OROCKGOA2015,TOTALCATCH,Catch,Rockfish,2004,967,96.7,3.42654E-06
SHORTRAKERGOA2015,TOTALCATCH,Catch,Rockfish,2004,997,99.7,3.42654E-06
DUSKYGOA2015,TOTALCATCH,Catch,Rockfish,2004,2544,254.4,3.42654E-06
NORKGOA2015,TOTALCATCH,Catch,Rockfish,2004,4789,478.9,3.42654E-06
DSRSEO2015,TOTALCATCH,Catch,Rockfish,2005,237,23.7,3.42654E-06
BLACKSPOTTEDGOA2015,TOTALCATCH,Catch,Rockfish,2005,294,29.4,3.42654E-06
SHORTRAKERGOA2015,TOTALCATCH,Catch,Rockfish,2005,498,49.8,3.42654E-06
OROCKGOA2015,TOTALCATCH,Catch,Rockfish,2005,700,70,3.42654E-06
THORNYGOA2015,TOTALCATCH,Catch,Rockfish,2005,720,72,3.42654E-06
DUSKYGOA2015,TOTALCATCH,Catch,Rockfish,2005,2229,222.9,3.42654E-06
NORKGOA2015,TOTALCATCH,Catch,Rockfish,2005,4504,450.4,3.42654E-06
DSRSEO2015,TOTALCATCH,Catch,Rockfish,2006,205,20.5,3.42654E-06
BLACKSPOTTEDGOA2015,TOTALCATCH,Catch,Rockfish,2006,372,37.2,3.42654E-06
SHORTRAKERGOA2015,TOTALCATCH,Catch,Rockfish,2006,664,66.4,3.42654E-06
THORNYGOA2015,TOTALCATCH,Catch,Rockfish,2006,781,78.1,3.42654E-06
OROCKGOA2015,TOTALCATCH,Catch,Rockfish,2006,1100,110,3.42654E-06
DUSKYGOA2015,TOTALCATCH,Catch,Rockfish,2006,2456,245.6,3.42654E-06
NORKGOA2015,TOTALCATCH,Catch,Rockfish,2006,4937,493.7,3.42654E-06
DSRSEO2015,TOTALCATCH,Catch,Rockfish,2007,205,20.5,3.42654E-06
BLACKSPOTTEDGOA2015,TOTALCATCH,Catch,Rockfish,2007,440,44,3.42654E-06
SHORTRAKERGOA2015,TOTALCATCH,Catch,Rockfish,2007,608,60.8,3.42654E-06
OROCKGOA2015,TOTALCATCH,Catch,Rockfish,2007,697,69.7,3.42654E-06
THORNYGOA2015,TOTALCATCH,Catch,Rockfish,2007,798,79.8,3.42654E-06
DUSKYGOA2015,TOTALCATCH,Catch,Rockfish,2007,3371,337.1,3.42654E-06
NORKGOA2015,TOTALCATCH,Catch,Rockfish,2007,4176,417.6,3.42654E-06
DSRSEO2015,TOTALCATCH,Catch,Rockfish,2008,195,19.5,3.42654E-06
BLACKSPOTTEDGOA2015,TOTALCATCH,Catch,Rockfish,2008,382,38.2,3.42654E-06
SHORTRAKERGOA2015,TOTALCATCH,Catch,Rockfish,2008,598,59.8,3.42654E-06
THORNYGOA2015,TOTALCATCH,Catch,Rockfish,2008,736,73.6,3.42654E-06
OROCKGOA2015,TOTALCATCH,Catch,Rockfish,2008,770,77,3.42654E-06
DUSKYGOA2015,TOTALCATCH,Catch,Rockfish,2008,3609,360.9,3.42654E-06
NORKGOA2015,TOTALCATCH,Catch,Rockfish,2008,4042,404.2,3.42654E-06
DSRSEO2015,TOTALCATCH,Catch,Rockfish,2009,209,20.9,3.42654E-06
BLACKSPOTTEDGOA2015,TOTALCATCH,Catch,Rockfish,2009,276,27.6,3.42654E-06
SHORTRAKERGOA2015,TOTALCATCH,Catch,Rockfish,2009,588,58.8,3.42654E-06
THORNYGOA2015,TOTALCATCH,Catch,Rockfish,2009,665,66.5,3.42654E-06
OROCKGOA2015,TOTALCATCH,Catch,Rockfish,2009,904,90.4,3.42654E-06
DUSKYGOA2015,TOTALCATCH,Catch,Rockfish,2009,3064,306.4,3.42654E-06
NORKGOA2015,TOTALCATCH,Catch,Rockfish,2009,3944,394.4,3.42654E-06
DSRSEO2015,TOTALCATCH,Catch,Rockfish,2010,128,12.8,3.42654E-06
BLACKSPOTTEDGOA2015,TOTALCATCH,Catch,Rockfish,2010,427,42.7,3.42654E-06
SHORTRAKERGOA2015,TOTALCATCH,Catch,Rockfish,2010,457,45.7,3.42654E-06
THORNYGOA2015,TOTALCATCH,Catch,Rockfish,2010,569,56.9,3.42654E-06
OROCKGOA2015,TOTALCATCH,Catch,Rockfish,2010,976,97.6,3.42654E-06
DUSKYGOA2015,TOTALCATCH,Catch,Rockfish,2010,3117,311.7,3.42654E-06
NORKGOA2015,TOTALCATCH,Catch,Rockfish,2010,3894,389.4,3.42654E-06
DSRSEO2015,TOTALCATCH,Catch,Rockfish,2011,87,8.7,3.42654E-06
SHORTRAKERGOA2015,TOTALCATCH,Catch,Rockfish,2011,522,52.2,3.42654E-06
BLACKSPOTTEDGOA2015,TOTALCATCH,Catch,Rockfish,2011,542,54.2,3.42654E-06
THORNYGOA2015,TOTALCATCH,Catch,Rockfish,2011,629,62.9,3.42654E-06
OROCKGOA2015,TOTALCATCH,Catch,Rockfish,2011,897,89.7,3.42654E-06
DUSKYGOA2015,TOTALCATCH,Catch,Rockfish,2011,2533,253.3,3.42654E-06
NORKGOA2015,TOTALCATCH,Catch,Rockfish,2011,3440,344,3.42654E-06
DSRSEO2015,TOTALCATCH,Catch,Rockfish,2012,176,17.6,3.42654E-06
BLACKSPOTTEDGOA2015,TOTALCATCH,Catch,Rockfish,2012,570,57,3.42654E-06
SHORTRAKERGOA2015,TOTALCATCH,Catch,Rockfish,2012,690,69,3.42654E-06
THORNYGOA2015,TOTALCATCH,Catch,Rockfish,2012,739,73.9,3.42654E-06
OROCKGOA2015,TOTALCATCH,Catch,Rockfish,2012,1038,103.8,3.42654E-06
DUSKYGOA2015,TOTALCATCH,Catch,Rockfish,2012,3919,391.9,3.42654E-06
NORKGOA2015,TOTALCATCH,Catch,Rockfish,2012,5068,506.8,3.42654E-06
DSRSEO2015,TOTALCATCH,Catch,Rockfish,2013,212,21.2,3.42654E-06
BLACKSPOTTEDGOA2015,TOTALCATCH,Catch,Rockfish,2013,575,57.5,3.42654E-06
SHORTRAKERGOA2015,TOTALCATCH,Catch,Rockfish,2013,731,73.1,3.42654E-06
OROCKGOA2015,TOTALCATCH,Catch,Rockfish,2013,817,81.7,3.42654E-06
THORNYGOA2015,TOTALCATCH,Catch,Rockfish,2013,1154,115.4,3.42654E-06
DUSKYGOA2015,TOTALCATCH,Catch,Rockfish,2013,3131,313.1,3.42654E-06
NORKGOA2015,TOTALCATCH,Catch,Rockfish,2013,4875,487.5,3.42654E-06
DSRSEO2015,TOTALCATCH,Catch,Rockfish,2014,98,9.8,3.42654E-06
SHORTRAKERGOA2015,TOTALCATCH,Catch,Rockfish,2014,685,68.5,3.42654E-06
BLACKSPOTTEDGOA2015,TOTALCATCH,Catch,Rockfish,2014,738,73.8,3.42654E-06
OROCKGOA2015,TOTALCATCH,Catch,Rockfish,2014,987,98.7,3.42654E-06
THORNYGOA2015,TOTALCATCH,Catch,Rockfish,2014,1131,113.1,3.42654E-06
DUSKYGOA2015,TOTALCATCH,Catch,Rockfish,2014,3032,303.2,3.42654E-06
NORKGOA2015,TOTALCATCH,Catch,Rockfish,2014,4274,427.4,3.42654E-06
SablefishCentWest,TOTREMOVALS,Catch,Sablefish,1963,1590,159,3.42654E-06
SablefishCentWest,TOTREMOVALS,Catch,Sablefish,1964,1047,104.7,3.42654E-06
SablefishCentWest,TOTREMOVALS,Catch,Sablefish,1965,2213,221.3,3.42654E-06
SablefishCentWest,TOTREMOVALS,Catch,Sablefish,1966,3725,372.5,3.42654E-06
SablefishCentWest,TOTREMOVALS,Catch,Sablefish,1967,2478,247.8,3.42654E-06
SablefishCentWest,TOTREMOVALS,Catch,Sablefish,1968,1955,195.5,3.42654E-06
SablefishCentWest,TOTREMOVALS,Catch,Sablefish,1969,5050,505,3.42654E-06
SablefishCentWest,TOTREMOVALS,Catch,Sablefish,1970,8269,826.9,3.42654E-06
SablefishCentWest,TOTREMOVALS,Catch,Sablefish,1971,9043,904.3,3.42654E-06
SablefishCentWest,TOTREMOVALS,Catch,Sablefish,1972,15456,1545.6,3.42654E-06
SablefishCentWest,TOTREMOVALS,Catch,Sablefish,1973,13591,1359.1,3.42654E-06
SablefishCentWest,TOTREMOVALS,Catch,Sablefish,1974,11797,1179.7,3.42654E-06
SablefishCentWest,TOTREMOVALS,Catch,Sablefish,1975,10806,1080.6,3.42654E-06
SablefishCentWest,TOTREMOVALS,Catch,Sablefish,1976,11316,1131.6,3.42654E-06
SablefishCentWest,TOTREMOVALS,Catch,Sablefish,1977,7238,723.8,3.42654E-06
SablefishCentWest,TOTREMOVALS,Catch,Sablefish,1978,4509,450.9,3.42654E-06
SablefishCentWest,TOTREMOVALS,Catch,Sablefish,1979,4188,418.8,3.42654E-06
SablefishCentWest,TOTREMOVALS,Catch,Sablefish,1980,4477,447.7,3.42654E-06
SablefishCentWest,TOTREMOVALS,Catch,Sablefish,1981,5020,502,3.42654E-06
SablefishCentWest,TOTREMOVALS,Catch,Sablefish,1982,4374,437.4,3.42654E-06
SablefishCentWest,TOTREMOVALS,Catch,Sablefish,1983,4466,446.6,3.42654E-06
SablefishCentWest,TOTREMOVALS,Catch,Sablefish,1984,4789,478.9,3.42654E-06
SablefishCentWest,TOTREMOVALS,Catch,Sablefish,1985,6361,636.1,3.42654E-06
SablefishCentWest,TOTREMOVALS,Catch,Sablefish,1986,13172,1317.2,3.42654E-06
SablefishCentWest,TOTREMOVALS,Catch,Sablefish,1987,15646,1564.6,3.42654E-06
SablefishCentWest,TOTREMOVALS,Catch,Sablefish,1988,18294,1829.4,3.42654E-06
SablefishCentWest,TOTREMOVALS,Catch,Sablefish,1989,17757,1775.7,3.42654E-06
SablefishCentWest,TOTREMOVALS,Catch,Sablefish,1990,16037,1603.7,3.42654E-06
SablefishCentWest,TOTREMOVALS,Catch,Sablefish,1991,13483,1348.3,3.42654E-06
SablefishCentWest,TOTREMOVALS,Catch,Sablefish,1992,13536,1353.6,3.42654E-06
SablefishCentWest,TOTREMOVALS,Catch,Sablefish,1993,12695,1269.5,3.42654E-06
SablefishCentWest,TOTREMOVALS,Catch,Sablefish,1994,9915,991.5,3.42654E-06
SablefishCentWest,TOTREMOVALS,Catch,Sablefish,1995,9420,942,3.42654E-06
SablefishCentWest,TOTREMOVALS,Catch,Sablefish,1996,8315,831.5,3.42654E-06
SablefishCentWest,TOTREMOVALS,Catch,Sablefish,1997,7608,760.8,3.42654E-06
SablefishCentWest,TOTREMOVALS,Catch,Sablefish,1998,7347,734.7,3.42654E-06
SablefishCentWest,TOTREMOVALS,Catch,Sablefish,1999,7362,736.2,3.42654E-06
SablefishCentWest,TOTREMOVALS,Catch,Sablefish,2000,7755,775.5,3.42654E-06
SablefishCentWest,TOTREMOVALS,Catch,Sablefish,2001,7106,710.6,3.42654E-06
SablefishCentWest,TOTREMOVALS,Catch,Sablefish,2002,8045,804.5,3.42654E-06
SablefishCentWest,TOTREMOVALS,Catch,Sablefish,2003,9111,911.1,3.42654E-06
SablefishCentWest,TOTREMOVALS,Catch,Sablefish,2004,9480,948,3.42654E-06
SablefishCentWest,TOTREMOVALS,Catch,Sablefish,2005,8630,863,3.42654E-06
SablefishCentWest,TOTREMOVALS,Catch,Sablefish,2006,8072,807.2,3.42654E-06
SablefishCentWest,TOTREMOVALS,Catch,Sablefish,2007,8104,810.4,3.42654E-06
SablefishCentWest,TOTREMOVALS,Catch,Sablefish,2008,7222,722.2,3.42654E-06
SablefishCentWest,TOTREMOVALS,Catch,Sablefish,2009,6428,642.8,3.42654E-06
SablefishCentWest,TOTREMOVALS,Catch,Sablefish,2010,5862,586.2,3.42654E-06
SablefishCentWest,TOTREMOVALS,Catch,Sablefish,2011,6321,632.1,3.42654E-06
SablefishCentWest,TOTREMOVALS,Catch,Sablefish,2012,6682,668.2,3.42654E-06
SablefishCentWest,TOTREMOVALS,Catch,Sablefish,2013,6592,659.2,3.42654E-06
SablefishCentWest,TOTREMOVALS,Catch,Sablefish,2014,5956,595.6,3.42654E-06
SablefishCentWest,TOTREMOVALS,Catch,Sablefish,2015,5043,504.3,3.42654E-06
SarahPrevious,CLEAN,Catch,Salmon,1950,44168,4416.8,3.42654E-06
SarahPrevious,CLEAN,Catch,Salmon,1951,32496,3249.6,3.42654E-06
SarahPrevious,CLEAN,Catch,Salmon,1952,38829,3882.9,3.42654E-06
SarahPrevious,CLEAN,Catch,Salmon,1953,38180,3818,3.42654E-06
SarahPrevious,CLEAN,Catch,Salmon,1954,42345,4234.5,3.42654E-06
SarahPrevious,CLEAN,Catch,Salmon,1955,38738,3873.8,3.42654E-06
SarahPrevious,CLEAN,Catch,Salmon,1956,45879,4587.9,3.42654E-06
SarahPrevious,CLEAN,Catch,Salmon,1957,30939,3093.9,3.42654E-06
SarahPrevious,CLEAN,Catch,Salmon,1958,40070,4007,3.42654E-06
SarahPrevious,CLEAN,Catch,Salmon,1959,18849,1884.9,3.42654E-06
SarahPrevious,CLEAN,Catch,Salmon,1960,43289,4328.9,3.42654E-06
SarahPrevious,CLEAN,Catch,Salmon,1961,29215,2921.5,3.42654E-06
SarahPrevious,CLEAN,Catch,Salmon,1962,71911,7191.1,3.42654E-06
SarahPrevious,CLEAN,Catch,Salmon,1963,39060,3906,3.42654E-06
SarahPrevious,CLEAN,Catch,Salmon,1964,62136,6213.6,3.42654E-06
SarahPrevious,CLEAN,Catch,Salmon,1965,31365,3136.5,3.42654E-06
SarahPrevious,CLEAN,Catch,Salmon,1966,47633,4763.3,3.42654E-06
SarahPrevious,CLEAN,Catch,Salmon,1967,18613,1861.3,3.42654E-06
SarahPrevious,CLEAN,Catch,Salmon,1968,53745,5374.5,3.42654E-06
SarahPrevious,CLEAN,Catch,Salmon,1969,50786,5078.6,3.42654E-06
SarahPrevious,CLEAN,Catch,Salmon,1970,62473,6247.3,3.42654E-06
SarahPrevious,CLEAN,Catch,Salmon,1971,48373,4837.3,3.42654E-06
SarahPrevious,CLEAN,Catch,Salmon,1972,24272,2427.2,3.42654E-06
SarahPrevious,CLEAN,Catch,Salmon,1973,21550,2155,3.42654E-06
SarahPrevious,CLEAN,Catch,Salmon,1974,18880,1888,3.42654E-06
SarahPrevious,CLEAN,Catch,Salmon,1975,26746,2674.6,3.42654E-06
SarahPrevious,CLEAN,Catch,Salmon,1976,55087,5508.7,3.42654E-06
SarahPrevious,CLEAN,Catch,Salmon,1977,56436,5643.6,3.42654E-06
SarahPrevious,CLEAN,Catch,Salmon,1978,76879,7687.9,3.42654E-06
SarahPrevious,CLEAN,Catch,Salmon,1979,88659,8865.9,3.42654E-06
SarahPrevious,CLEAN,Catch,Salmon,1980,109029,10902.9,3.42654E-06
SarahPrevious,CLEAN,Catch,Salmon,1981,116100,11610,3.42654E-06
SarahPrevious,CLEAN,Catch,Salmon,1982,126705,12670.5,3.42654E-06
SarahPrevious,CLEAN,Catch,Salmon,1983,97114,9711.4,3.42654E-06
SarahPrevious,CLEAN,Catch,Salmon,1984,133188,13318.8,3.42654E-06
SarahPrevious,CLEAN,Catch,Salmon,1985,118715,11871.5,3.42654E-06
SarahPrevious,CLEAN,Catch,Salmon,1986,116129,11612.9,3.42654E-06
SarahPrevious,CLEAN,Catch,Salmon,1987,134670,13467,3.42654E-06
SarahPrevious,CLEAN,Catch,Salmon,1988,132656,13265.6,3.42654E-06
SarahPrevious,CLEAN,Catch,Salmon,1989,111427,11142.7,3.42654E-06
SarahPrevious,CLEAN,Catch,Salmon,1990,154625,15462.5,3.42654E-06
SarahPrevious,CLEAN,Catch,Salmon,1991,173226,17322.6,3.42654E-06
SarahPrevious,CLEAN,Catch,Salmon,1992,126045,12604.5,3.42654E-06
SarahPrevious,CLEAN,Catch,Salmon,1993,157432,15743.2,3.42654E-06
SarahPrevious,CLEAN,Catch,Salmon,1994,154468,15446.8,3.42654E-06
SarahPrevious,CLEAN,Catch,Salmon,1995,200368,20036.8,3.42654E-06
SarahPrevious,CLEAN,Catch,Salmon,1996,124644,12464.4,3.42654E-06
SarahPrevious,CLEAN,Catch,Salmon,1997,132627,13262.7,3.42654E-06
SarahPrevious,CLEAN,Catch,Salmon,1998,145702,14570.2,3.42654E-06
SarahPrevious,CLEAN,Catch,Salmon,1999,183531,18353.1,3.42654E-06
SarahPrevious,CLEAN,Catch,Salmon,2000,148781,14878.1,3.42654E-06
SarahPrevious,CLEAN,Catch,Salmon,2001,149684,14968.4,3.42654E-06
SarahPrevious,CLEAN,Catch,Salmon,2002,128893,12889.3,3.42654E-06
ADFGMess,CLEAN,Catch,Salmon,2003,162483.0047,16248.30047,3.42654E-06
ADFGMess,CLEAN,Catch,Salmon,2004,128638.2376,12863.82376,3.42654E-06
ADFGMess,CLEAN,Catch,Salmon,2005,190303.1628,19030.31628,3.42654E-06
ADFGMess,CLEAN,Catch,Salmon,2006,130694.3701,13069.43701,3.42654E-06
ADFGMess,CLEAN,Catch,Salmon,2007,187254.1174,18725.41174,3.42654E-06
ADFGMess,CLEAN,Catch,Salmon,2008,130261.6434,13026.16434,3.42654E-06
ADFGMess,CLEAN,Catch,Salmon,2009,109985.1738,10998.51738,3.42654E-06
ADFGMess,CLEAN,Catch,Salmon,2010,176689.9597,17668.99597,3.42654E-06
ADFGMess,CLEAN,Catch,Salmon,2011,124681.5546,12468.15546,3.42654E-06
ADFGMess,CLEAN,Catch,Salmon,2012,129309.1002,12930.91002,3.42654E-06
ADFGMess,CLEAN,Catch,Salmon,2013,210261.2108,21026.12108,3.42654E-06
ADFGMess,CLEAN,Catch,Salmon,2014,123859.1923,12385.91923,3.42654E-06
ADFGMess,CLEAN,Catch,Salmon,2015,250508.8826,25050.88826,3.42654E-06
SHARKGOA2015,TOTALCATCH,Catch,Sharks,1990,274,27.4,3.42654E-06
SHARKGOA2015,TOTALCATCH,Catch,Sharks,1991,340,34,3.42654E-06
SHARKGOA2015,TOTALCATCH,Catch,Sharks,1992,517,51.7,3.42654E-06
SHARKGOA2015,TOTALCATCH,Catch,Sharks,1993,1027,102.7,3.42654E-06
SHARKGOA2015,TOTALCATCH,Catch,Sharks,1994,360,36,3.42654E-06
SHARKGOA2015,TOTALCATCH,Catch,Sharks,1995,308,30.8,3.42654E-06
SHARKGOA2015,TOTALCATCH,Catch,Sharks,1996,484,48.4,3.42654E-06
SHARKGOA2015,TOTALCATCH,Catch,Sharks,1997,1041,104.1,3.42654E-06
SHARKGOA2015,TOTALCATCH,Catch,Sharks,1998,2390,239,3.42654E-06
SHARKGOA2015,TOTALCATCH,Catch,Sharks,1999,1036,103.6,3.42654E-06
SHARKGOA2015,TOTALCATCH,Catch,Sharks,2000,1117,111.7,3.42654E-06
SHARKGOA2015,TOTALCATCH,Catch,Sharks,2001,853,85.3,3.42654E-06
SHARKGOA2015,TOTALCATCH,Catch,Sharks,2002,427,42.7,3.42654E-06
SHARKGOA2015,TOTALCATCH,Catch,Sharks,2003,715,71.5,3.42654E-06
SHARKGOA2015,TOTALCATCH,Catch,Sharks,2004,544,54.4,3.42654E-06
SHARKGOA2015,TOTALCATCH,Catch,Sharks,2005,1054,105.4,3.42654E-06
SHARKGOA2015,TOTALCATCH,Catch,Sharks,2006,1557,155.7,3.42654E-06
SHARKGOA2015,TOTALCATCH,Catch,Sharks,2007,1337,133.7,3.42654E-06
SHARKGOA2015,TOTALCATCH,Catch,Sharks,2008,617,61.7,3.42654E-06
SHARKGOA2015,TOTALCATCH,Catch,Sharks,2009,1741,174.1,3.42654E-06
SHARKGOA2015,TOTALCATCH,Catch,Sharks,2010,689,68.9,3.42654E-06
SHARKGOA2015,TOTALCATCH,Catch,Sharks,2011,522,52.2,3.42654E-06
SHARKGOA2015,TOTALCATCH,Catch,Sharks,2012,661,66.1,3.42654E-06
SHARKGOA2015,TOTALCATCH,Catch,Sharks,2013,2169,216.9,3.42654E-06
SHARKGOA2015,TOTALCATCH,Catch,Sharks,2014,1553,155.3,3.42654E-06
OTHSKATEGOA2015,TOTALCATCH,Catch,Skates,2005,719,71.9,3.42654E-06
BIGSKATEGOA2015,TOTALCATCH,Catch,Skates,2005,904,90.4,3.42654E-06
LONGNOSEGOA2015,TOTALCATCH,Catch,Skates,2005,1202,120.2,3.42654E-06
LONGNOSEGOA2015,TOTALCATCH,Catch,Skates,2006,1034,103.4,3.42654E-06
OTHSKATEGOA2015,TOTALCATCH,Catch,Skates,2006,1414,141.4,3.42654E-06
BIGSKATEGOA2015,TOTALCATCH,Catch,Skates,2006,1732,173.2,3.42654E-06
OTHSKATEGOA2015,TOTALCATCH,Catch,Skates,2007,1277,127.7,3.42654E-06
LONGNOSEGOA2015,TOTALCATCH,Catch,Skates,2007,1441,144.1,3.42654E-06
BIGSKATEGOA2015,TOTALCATCH,Catch,Skates,2007,1598,159.8,3.42654E-06
LONGNOSEGOA2015,TOTALCATCH,Catch,Skates,2008,1129,112.9,3.42654E-06
OTHSKATEGOA2015,TOTALCATCH,Catch,Skates,2008,1409,140.9,3.42654E-06
BIGSKATEGOA2015,TOTALCATCH,Catch,Skates,2008,1421,142.1,3.42654E-06
LONGNOSEGOA2015,TOTALCATCH,Catch,Skates,2009,1495,149.5,3.42654E-06
OTHSKATEGOA2015,TOTALCATCH,Catch,Skates,2009,1595,159.5,3.42654E-06
BIGSKATEGOA2015,TOTALCATCH,Catch,Skates,2009,2119,211.9,3.42654E-06
LONGNOSEGOA2015,TOTALCATCH,Catch,Skates,2010,1148,114.8,3.42654E-06
OTHSKATEGOA2015,TOTALCATCH,Catch,Skates,2010,1525,152.5,3.42654E-06
BIGSKATEGOA2015,TOTALCATCH,Catch,Skates,2010,2547,254.7,3.42654E-06
LONGNOSEGOA2015,TOTALCATCH,Catch,Skates,2011,1082,108.2,3.42654E-06
OTHSKATEGOA2015,TOTALCATCH,Catch,Skates,2011,1386,138.6,3.42654E-06
BIGSKATEGOA2015,TOTALCATCH,Catch,Skates,2011,2356,235.6,3.42654E-06
LONGNOSEGOA2015,TOTALCATCH,Catch,Skates,2012,966,96.6,3.42654E-06
OTHSKATEGOA2015,TOTALCATCH,Catch,Skates,2012,1239,123.9,3.42654E-06
BIGSKATEGOA2015,TOTALCATCH,Catch,Skates,2012,2031,203.1,3.42654E-06
OTHSKATEGOA2015,TOTALCATCH,Catch,Skates,2013,2075,207.5,3.42654E-06
LONGNOSEGOA2015,TOTALCATCH,Catch,Skates,2013,2193,219.3,3.42654E-06
BIGSKATEGOA2015,TOTALCATCH,Catch,Skates,2013,2663,266.3,3.42654E-06
LONGNOSEGOA2015,TOTALCATCH,Catch,Skates,2014,1794,179.4,3.42654E-06
BIGSKATEGOA2015,TOTALCATCH,Catch,Skates,2014,1801,180.1,3.42654E-06
OTHSKATEGOA2015,TOTALCATCH,Catch,Skates,2014,2170,217,3.42654E-06
NROCKSOLEGOA2015,TOTALCATCH,Catch,Sm.Flatfish,1977,2296,229.6,3.42654E-06
SROCKSOLEGOA2015,TOTALCATCH,Catch,Sm.Flatfish,1977,2296,229.6,3.42654E-06
DEEPFLATGOA2015,TOTALCATCH,Catch,Sm.Flatfish,1978,56,5.6,3.42654E-06
FLATHEADGOA2015,TOTALCATCH,Catch,Sm.Flatfish,1978,452,45.2,3.42654E-06
DOVERGOA2015,TOTALCATCH,Catch,Sm.Flatfish,1978,827,82.7,3.42654E-06
NROCKSOLEGOA2015,TOTALCATCH,Catch,Sm.Flatfish,1978,2182,218.2,3.42654E-06
SROCKSOLEGOA2015,TOTALCATCH,Catch,Sm.Flatfish,1978,2182,218.2,3.42654E-06
SHALLOWFLATGOA2015,TOTALCATCH,Catch,Sm.Flatfish,1978,5455,545.5,3.42654E-06
DEEPFLATGOA2015,TOTALCATCH,Catch,Sm.Flatfish,1979,29,2.9,3.42654E-06
FLATHEADGOA2015,TOTALCATCH,Catch,Sm.Flatfish,1979,165,16.5,3.42654E-06
DOVERGOA2015,TOTALCATCH,Catch,Sm.Flatfish,1979,530,53,3.42654E-06
NROCKSOLEGOA2015,TOTALCATCH,Catch,Sm.Flatfish,1979,2250,225,3.42654E-06
SROCKSOLEGOA2015,TOTALCATCH,Catch,Sm.Flatfish,1979,2250,225,3.42654E-06
SHALLOWFLATGOA2015,TOTALCATCH,Catch,Sm.Flatfish,1979,5625,562.5,3.42654E-06
DEEPFLATGOA2015,TOTALCATCH,Catch,Sm.Flatfish,1980,59,5.9,3.42654E-06
DOVERGOA2015,TOTALCATCH,Catch,Sm.Flatfish,1980,570,57,3.42654E-06
FLATHEADGOA2015,TOTALCATCH,Catch,Sm.Flatfish,1980,2068,206.8,3.42654E-06
NROCKSOLEGOA2015,TOTALCATCH,Catch,Sm.Flatfish,1980,2120,212,3.42654E-06
SROCKSOLEGOA2015,TOTALCATCH,Catch,Sm.Flatfish,1980,2120,212,3.42654E-06
SHALLOWFLATGOA2015,TOTALCATCH,Catch,Sm.Flatfish,1980,5301,530.1,3.42654E-06
DEEPFLATGOA2015,TOTALCATCH,Catch,Sm.Flatfish,1981,16,1.6,3.42654E-06
DOVERGOA2015,TOTALCATCH,Catch,Sm.Flatfish,1981,457,45.7,3.42654E-06
FLATHEADGOA2015,TOTALCATCH,Catch,Sm.Flatfish,1981,1070,107,3.42654E-06
NROCKSOLEGOA2015,TOTALCATCH,Catch,Sm.Flatfish,1981,2356,235.6,3.42654E-06
SROCKSOLEGOA2015,TOTALCATCH,Catch,Sm.Flatfish,1981,2356,235.6,3.42654E-06
SHALLOWFLATGOA2015,TOTALCATCH,Catch,Sm.Flatfish,1981,5890,589,3.42654E-06
DEEPFLATGOA2015,TOTALCATCH,Catch,Sm.Flatfish,1982,54,5.4,3.42654E-06
DOVERGOA2015,TOTALCATCH,Catch,Sm.Flatfish,1982,457,45.7,3.42654E-06
NROCKSOLEGOA2015,TOTALCATCH,Catch,Sm.Flatfish,1982,721,72.1,3.42654E-06
SROCKSOLEGOA2015,TOTALCATCH,Catch,Sm.Flatfish,1982,721,72.1,3.42654E-06
REXGOA2015,TOTALCATCH,Catch,Sm.Flatfish,1982,959,95.9,3.42654E-06
FLATHEADGOA2015,TOTALCATCH,Catch,Sm.Flatfish,1982,1368,136.8,3.42654E-06
SHALLOWFLATGOA2015,TOTALCATCH,Catch,Sm.Flatfish,1982,1802,180.2,3.42654E-06
DEEPFLATGOA2015,TOTALCATCH,Catch,Sm.Flatfish,1983,156,15.6,3.42654E-06
DOVERGOA2015,TOTALCATCH,Catch,Sm.Flatfish,1983,354,35.4,3.42654E-06
REXGOA2015,TOTALCATCH,Catch,Sm.Flatfish,1983,595,59.5,3.42654E-06
FLATHEADGOA2015,TOTALCATCH,Catch,Sm.Flatfish,1983,1080,108,3.42654E-06
NROCKSOLEGOA2015,TOTALCATCH,Catch,Sm.Flatfish,1983,1614,161.4,3.42654E-06
SROCKSOLEGOA2015,TOTALCATCH,Catch,Sm.Flatfish,1983,1614,161.4,3.42654E-06
SHALLOWFLATGOA2015,TOTALCATCH,Catch,Sm.Flatfish,1983,4146,414.6,3.42654E-06
DEEPFLATGOA2015,TOTALCATCH,Catch,Sm.Flatfish,1984,19,1.9,3.42654E-06
DOVERGOA2015,TOTALCATCH,Catch,Sm.Flatfish,1984,132,13.2,3.42654E-06
REXGOA2015,TOTALCATCH,Catch,Sm.Flatfish,1984,365,36.5,3.42654E-06
FLATHEADGOA2015,TOTALCATCH,Catch,Sm.Flatfish,1984,549,54.9,3.42654E-06
NROCKSOLEGOA2015,TOTALCATCH,Catch,Sm.Flatfish,1984,917,91.7,3.42654E-06
SROCKSOLEGOA2015,TOTALCATCH,Catch,Sm.Flatfish,1984,917,91.7,3.42654E-06
SHALLOWFLATGOA2015,TOTALCATCH,Catch,Sm.Flatfish,1984,2392,239.2,3.42654E-06
DEEPFLATGOA2015,TOTALCATCH,Catch,Sm.Flatfish,1985,3,0.3,3.42654E-06
DOVERGOA2015,TOTALCATCH,Catch,Sm.Flatfish,1985,43,4.3,3.42654E-06
REXGOA2015,TOTALCATCH,Catch,Sm.Flatfish,1985,154,15.4,3.42654E-06
FLATHEADGOA2015,TOTALCATCH,Catch,Sm.Flatfish,1985,320,32,3.42654E-06
NROCKSOLEGOA2015,TOTALCATCH,Catch,Sm.Flatfish,1985,408,40.8,3.42654E-06
SROCKSOLEGOA2015,TOTALCATCH,Catch,Sm.Flatfish,1985,408,40.8,3.42654E-06
SHALLOWFLATGOA2015,TOTALCATCH,Catch,Sm.Flatfish,1985,1020,102,3.42654E-06
DEEPFLATGOA2015,TOTALCATCH,Catch,Sm.Flatfish,1986,0,0,3.42654E-06
DOVERGOA2015,TOTALCATCH,Catch,Sm.Flatfish,1986,23,2.3,3.42654E-06
REXGOA2015,TOTALCATCH,Catch,Sm.Flatfish,1986,93,9.3,3.42654E-06
FLATHEADGOA2015,TOTALCATCH,Catch,Sm.Flatfish,1986,147,14.7,3.42654E-06
NROCKSOLEGOA2015,TOTALCATCH,Catch,Sm.Flatfish,1986,364,36.4,3.42654E-06
SROCKSOLEGOA2015,TOTALCATCH,Catch,Sm.Flatfish,1986,364,36.4,3.42654E-06
SHALLOWFLATGOA2015,TOTALCATCH,Catch,Sm.Flatfish,1986,957,95.7,3.42654E-06
DEEPFLATGOA2015,TOTALCATCH,Catch,Sm.Flatfish,1987,44,4.4,3.42654E-06
DOVERGOA2015,TOTALCATCH,Catch,Sm.Flatfish,1987,56,5.6,3.42654E-06
FLATHEADGOA2015,TOTALCATCH,Catch,Sm.Flatfish,1987,151,15.1,3.42654E-06
REXGOA2015,TOTALCATCH,Catch,Sm.Flatfish,1987,1151,115.1,3.42654E-06
NROCKSOLEGOA2015,TOTALCATCH,Catch,Sm.Flatfish,1987,1433,143.3,3.42654E-06
SROCKSOLEGOA2015,TOTALCATCH,Catch,Sm.Flatfish,1987,1433,143.3,3.42654E-06
SHALLOWFLATGOA2015,TOTALCATCH,Catch,Sm.Flatfish,1987,3561,356.1,3.42654E-06
DEEPFLATGOA2015,TOTALCATCH,Catch,Sm.Flatfish,1988,256,25.6,3.42654E-06
FLATHEADGOA2015,TOTALCATCH,Catch,Sm.Flatfish,1988,520,52,3.42654E-06
NROCKSOLEGOA2015,TOTALCATCH,Catch,Sm.Flatfish,1988,714,71.4,3.42654E-06
SROCKSOLEGOA2015,TOTALCATCH,Catch,Sm.Flatfish,1988,714,71.4,3.42654E-06
DOVERGOA2015,TOTALCATCH,Catch,Sm.Flatfish,1988,1087,108.7,3.42654E-06
REXGOA2015,TOTALCATCH,Catch,Sm.Flatfish,1988,1192,119.2,3.42654E-06
SHALLOWFLATGOA2015,TOTALCATCH,Catch,Sm.Flatfish,1988,2082,208.2,3.42654E-06
DEEPFLATGOA2015,TOTALCATCH,Catch,Sm.Flatfish,1989,56,5.6,3.42654E-06
REXGOA2015,TOTALCATCH,Catch,Sm.Flatfish,1989,599,59.9,3.42654E-06
FLATHEADGOA2015,TOTALCATCH,Catch,Sm.Flatfish,1989,747,74.7,3.42654E-06
DOVERGOA2015,TOTALCATCH,Catch,Sm.Flatfish,1989,1521,152.1,3.42654E-06
NROCKSOLEGOA2015,TOTALCATCH,Catch,Sm.Flatfish,1989,1688,168.8,3.42654E-06
SROCKSOLEGOA2015,TOTALCATCH,Catch,Sm.Flatfish,1989,1688,168.8,3.42654E-06
SHALLOWFLATGOA2015,TOTALCATCH,Catch,Sm.Flatfish,1989,6160,616,3.42654E-06
DEEPFLATGOA2015,TOTALCATCH,Catch,Sm.Flatfish,1990,30,3,3.42654E-06
REXGOA2015,TOTALCATCH,Catch,Sm.Flatfish,1990,1269,126.9,3.42654E-06
FLATHEADGOA2015,TOTALCATCH,Catch,Sm.Flatfish,1990,1447,144.7,3.42654E-06
NROCKSOLEGOA2015,TOTALCATCH,Catch,Sm.Flatfish,1990,2190,219,3.42654E-06
SROCKSOLEGOA2015,TOTALCATCH,Catch,Sm.Flatfish,1990,2190,219,3.42654E-06
DOVERGOA2015,TOTALCATCH,Catch,Sm.Flatfish,1990,2348,234.8,3.42654E-06
SHALLOWFLATGOA2015,TOTALCATCH,Catch,Sm.Flatfish,1990,5214,521.4,3.42654E-06
DEEPFLATGOA2015,TOTALCATCH,Catch,Sm.Flatfish,1991,448,44.8,3.42654E-06
FLATHEADGOA2015,TOTALCATCH,Catch,Sm.Flatfish,1991,1237,123.7,3.42654E-06
NROCKSOLEGOA2015,TOTALCATCH,Catch,Sm.Flatfish,1991,2415,241.5,3.42654E-06
SROCKSOLEGOA2015,TOTALCATCH,Catch,Sm.Flatfish,1991,2415,241.5,3.42654E-06
REXGOA2015,TOTALCATCH,Catch,Sm.Flatfish,1991,4636,463.6,3.42654E-06
SHALLOWFLATGOA2015,TOTALCATCH,Catch,Sm.Flatfish,1991,5224,522.4,3.42654E-06
DOVERGOA2015,TOTALCATCH,Catch,Sm.Flatfish,1991,9741,974.1,3.42654E-06
FLATHEADGOA2015,TOTALCATCH,Catch,Sm.Flatfish,1992,2315,231.5,3.42654E-06
REXGOA2015,TOTALCATCH,Catch,Sm.Flatfish,1992,3000,300,3.42654E-06
DEEPFLATGOA2015,TOTALCATCH,Catch,Sm.Flatfish,1992,3015,301.5,3.42654E-06
NROCKSOLEGOA2015,TOTALCATCH,Catch,Sm.Flatfish,1992,3371,337.1,3.42654E-06
SROCKSOLEGOA2015,TOTALCATCH,Catch,Sm.Flatfish,1992,3371,337.1,3.42654E-06
SHALLOWFLATGOA2015,TOTALCATCH,Catch,Sm.Flatfish,1992,8334,833.4,3.42654E-06
DOVERGOA2015,TOTALCATCH,Catch,Sm.Flatfish,1992,8364,836.4,3.42654E-06
DEEPFLATGOA2015,TOTALCATCH,Catch,Sm.Flatfish,1993,19,1.9,3.42654E-06
FLATHEADGOA2015,TOTALCATCH,Catch,Sm.Flatfish,1993,2824,282.4,3.42654E-06
REXGOA2015,TOTALCATCH,Catch,Sm.Flatfish,1993,3000,300,3.42654E-06
DOVERGOA2015,TOTALCATCH,Catch,Sm.Flatfish,1993,3804,380.4,3.42654E-06
NROCKSOLEGOA2015,TOTALCATCH,Catch,Sm.Flatfish,1993,4056,405.6,3.42654E-06
SROCKSOLEGOA2015,TOTALCATCH,Catch,Sm.Flatfish,1993,4056,405.6,3.42654E-06
SHALLOWFLATGOA2015,TOTALCATCH,Catch,Sm.Flatfish,1993,9114,911.4,3.42654E-06
DEEPFLATGOA2015,TOTALCATCH,Catch,Sm.Flatfish,1994,21,2.1,3.42654E-06
NROCKSOLEGOA2015,TOTALCATCH,Catch,Sm.Flatfish,1994,1504,150.4,3.42654E-06
SROCKSOLEGOA2015,TOTALCATCH,Catch,Sm.Flatfish,1994,1504,150.4,3.42654E-06
FLATHEADGOA2015,TOTALCATCH,Catch,Sm.Flatfish,1994,2525,252.5,3.42654E-06
DOVERGOA2015,TOTALCATCH,Catch,Sm.Flatfish,1994,3108,310.8,3.42654E-06
REXGOA2015,TOTALCATCH,Catch,Sm.Flatfish,1994,3673,367.3,3.42654E-06
SHALLOWFLATGOA2015,TOTALCATCH,Catch,Sm.Flatfish,1994,3843,384.3,3.42654E-06
DEEPFLATGOA2015,TOTALCATCH,Catch,Sm.Flatfish,1995,117,11.7,3.42654E-06
NROCKSOLEGOA2015,TOTALCATCH,Catch,Sm.Flatfish,1995,1962,196.2,3.42654E-06
SROCKSOLEGOA2015,TOTALCATCH,Catch,Sm.Flatfish,1995,1962,196.2,3.42654E-06
DOVERGOA2015,TOTALCATCH,Catch,Sm.Flatfish,1995,2096,209.6,3.42654E-06
FLATHEADGOA2015,TOTALCATCH,Catch,Sm.Flatfish,1995,2180,218,3.42654E-06
REXGOA2015,TOTALCATCH,Catch,Sm.Flatfish,1995,4021,402.1,3.42654E-06
SHALLOWFLATGOA2015,TOTALCATCH,Catch,Sm.Flatfish,1995,5437,543.7,3.42654E-06
DEEPFLATGOA2015,TOTALCATCH,Catch,Sm.Flatfish,1996,15,1.5,3.42654E-06
DOVERGOA2015,TOTALCATCH,Catch,Sm.Flatfish,1996,2177,217.7,3.42654E-06
FLATHEADGOA2015,TOTALCATCH,Catch,Sm.Flatfish,1996,3074,307.4,3.42654E-06
NROCKSOLEGOA2015,TOTALCATCH,Catch,Sm.Flatfish,1996,3298,329.8,3.42654E-06
SROCKSOLEGOA2015,TOTALCATCH,Catch,Sm.Flatfish,1996,3298,329.8,3.42654E-06
REXGOA2015,TOTALCATCH,Catch,Sm.Flatfish,1996,5874,587.4,3.42654E-06
SHALLOWFLATGOA2015,TOTALCATCH,Catch,Sm.Flatfish,1996,9372,937.2,3.42654E-06
DEEPFLATGOA2015,TOTALCATCH,Catch,Sm.Flatfish,1997,12,1.2,3.42654E-06
FLATHEADGOA2015,TOTALCATCH,Catch,Sm.Flatfish,1997,2441,244.1,3.42654E-06
NROCKSOLEGOA2015,TOTALCATCH,Catch,Sm.Flatfish,1997,2733,273.3,3.42654E-06
SROCKSOLEGOA2015,TOTALCATCH,Catch,Sm.Flatfish,1997,2733,273.3,3.42654E-06
REXGOA2015,TOTALCATCH,Catch,Sm.Flatfish,1997,3294,329.4,3.42654E-06
DOVERGOA2015,TOTALCATCH,Catch,Sm.Flatfish,1997,3652,365.2,3.42654E-06
SHALLOWFLATGOA2015,TOTALCATCH,Catch,Sm.Flatfish,1997,7780,778,3.42654E-06
DEEPFLATGOA2015,TOTALCATCH,Catch,Sm.Flatfish,1998,56,5.6,3.42654E-06
NROCKSOLEGOA2015,TOTALCATCH,Catch,Sm.Flatfish,1998,1266,126.6,3.42654E-06
SROCKSOLEGOA2015,TOTALCATCH,Catch,Sm.Flatfish,1998,1266,126.6,3.42654E-06
FLATHEADGOA2015,TOTALCATCH,Catch,Sm.Flatfish,1998,1731,173.1,3.42654E-06
DOVERGOA2015,TOTALCATCH,Catch,Sm.Flatfish,1998,2230,223,3.42654E-06
REXGOA2015,TOTALCATCH,Catch,Sm.Flatfish,1998,2669,266.9,3.42654E-06
SHALLOWFLATGOA2015,TOTALCATCH,Catch,Sm.Flatfish,1998,3567,356.7,3.42654E-06
DEEPFLATGOA2015,TOTALCATCH,Catch,Sm.Flatfish,1999,14,1.4,3.42654E-06
NROCKSOLEGOA2015,TOTALCATCH,Catch,Sm.Flatfish,1999,883,88.3,3.42654E-06
SROCKSOLEGOA2015,TOTALCATCH,Catch,Sm.Flatfish,1999,883,88.3,3.42654E-06
FLATHEADGOA2015,TOTALCATCH,Catch,Sm.Flatfish,1999,897,89.7,3.42654E-06
DOVERGOA2015,TOTALCATCH,Catch,Sm.Flatfish,1999,2270,227,3.42654E-06
SHALLOWFLATGOA2015,TOTALCATCH,Catch,Sm.Flatfish,1999,2578,257.8,3.42654E-06
REXGOA2015,TOTALCATCH,Catch,Sm.Flatfish,1999,3060,306,3.42654E-06
DEEPFLATGOA2015,TOTALCATCH,Catch,Sm.Flatfish,2000,24,2.4,3.42654E-06
DOVERGOA2015,TOTALCATCH,Catch,Sm.Flatfish,2000,961,96.1,3.42654E-06
FLATHEADGOA2015,TOTALCATCH,Catch,Sm.Flatfish,2000,1548,154.8,3.42654E-06
NROCKSOLEGOA2015,TOTALCATCH,Catch,Sm.Flatfish,2000,2693,269.3,3.42654E-06
SROCKSOLEGOA2015,TOTALCATCH,Catch,Sm.Flatfish,2000,2693,269.3,3.42654E-06
REXGOA2015,TOTALCATCH,Catch,Sm.Flatfish,2000,3591,359.1,3.42654E-06
SHALLOWFLATGOA2015,TOTALCATCH,Catch,Sm.Flatfish,2000,6929,692.9,3.42654E-06
DEEPFLATGOA2015,TOTALCATCH,Catch,Sm.Flatfish,2001,4,0.4,3.42654E-06
DOVERGOA2015,TOTALCATCH,Catch,Sm.Flatfish,2001,800,80,3.42654E-06
FLATHEADGOA2015,TOTALCATCH,Catch,Sm.Flatfish,2001,1912,191.2,3.42654E-06
NROCKSOLEGOA2015,TOTALCATCH,Catch,Sm.Flatfish,2001,2386,238.6,3.42654E-06
SROCKSOLEGOA2015,TOTALCATCH,Catch,Sm.Flatfish,2001,2386,238.6,3.42654E-06
REXGOA2015,TOTALCATCH,Catch,Sm.Flatfish,2001,2940,294,3.42654E-06
SHALLOWFLATGOA2015,TOTALCATCH,Catch,Sm.Flatfish,2001,6163,616.3,3.42654E-06
DEEPFLATGOA2015,TOTALCATCH,Catch,Sm.Flatfish,2002,5,0.5,3.42654E-06
DOVERGOA2015,TOTALCATCH,Catch,Sm.Flatfish,2002,554,55.4,3.42654E-06
FLATHEADGOA2015,TOTALCATCH,Catch,Sm.Flatfish,2002,2146,214.6,3.42654E-06
NROCKSOLEGOA2015,TOTALCATCH,Catch,Sm.Flatfish,2002,2782,278.2,3.42654E-06
SROCKSOLEGOA2015,TOTALCATCH,Catch,Sm.Flatfish,2002,2782,278.2,3.42654E-06
REXGOA2015,TOTALCATCH,Catch,Sm.Flatfish,2002,2941,294.1,3.42654E-06
SHALLOWFLATGOA2015,TOTALCATCH,Catch,Sm.Flatfish,2002,7177,717.7,3.42654E-06
DEEPFLATGOA2015,TOTALCATCH,Catch,Sm.Flatfish,2003,10,1,3.42654E-06
DOVERGOA2015,TOTALCATCH,Catch,Sm.Flatfish,2003,936,93.6,3.42654E-06
NROCKSOLEGOA2015,TOTALCATCH,Catch,Sm.Flatfish,2003,1777,177.7,3.42654E-06
SROCKSOLEGOA2015,TOTALCATCH,Catch,Sm.Flatfish,2003,1777,177.7,3.42654E-06
FLATHEADGOA2015,TOTALCATCH,Catch,Sm.Flatfish,2003,2459,245.9,3.42654E-06
REXGOA2015,TOTALCATCH,Catch,Sm.Flatfish,2003,3485,348.5,3.42654E-06
SHALLOWFLATGOA2015,TOTALCATCH,Catch,Sm.Flatfish,2003,4649,464.9,3.42654E-06
DEEPFLATGOA2015,TOTALCATCH,Catch,Sm.Flatfish,2004,2,0.2,3.42654E-06
DOVERGOA2015,TOTALCATCH,Catch,Sm.Flatfish,2004,679,67.9,3.42654E-06
NROCKSOLEGOA2015,TOTALCATCH,Catch,Sm.Flatfish,2004,1108,110.8,3.42654E-06
SROCKSOLEGOA2015,TOTALCATCH,Catch,Sm.Flatfish,2004,1108,110.8,3.42654E-06
REXGOA2015,TOTALCATCH,Catch,Sm.Flatfish,2004,1464,146.4,3.42654E-06
FLATHEADGOA2015,TOTALCATCH,Catch,Sm.Flatfish,2004,2398,239.8,3.42654E-06
SHALLOWFLATGOA2015,TOTALCATCH,Catch,Sm.Flatfish,2004,3094,309.4,3.42654E-06
DEEPFLATGOA2015,TOTALCATCH,Catch,Sm.Flatfish,2005,5,0.5,3.42654E-06
DOVERGOA2015,TOTALCATCH,Catch,Sm.Flatfish,2005,407,40.7,3.42654E-06
NROCKSOLEGOA2015,TOTALCATCH,Catch,Sm.Flatfish,2005,2065,206.5,3.42654E-06
SROCKSOLEGOA2015,TOTALCATCH,Catch,Sm.Flatfish,2005,2065,206.5,3.42654E-06
REXGOA2015,TOTALCATCH,Catch,Sm.Flatfish,2005,2176,217.6,3.42654E-06
FLATHEADGOA2015,TOTALCATCH,Catch,Sm.Flatfish,2005,2552,255.2,3.42654E-06
SHALLOWFLATGOA2015,TOTALCATCH,Catch,Sm.Flatfish,2005,4805,480.5,3.42654E-06
DEEPFLATGOA2015,TOTALCATCH,Catch,Sm.Flatfish,2006,15,1.5,3.42654E-06
DOVERGOA2015,TOTALCATCH,Catch,Sm.Flatfish,2006,390,39,3.42654E-06
NROCKSOLEGOA2015,TOTALCATCH,Catch,Sm.Flatfish,2006,2882,288.2,3.42654E-06
SROCKSOLEGOA2015,TOTALCATCH,Catch,Sm.Flatfish,2006,2882,288.2,3.42654E-06
FLATHEADGOA2015,TOTALCATCH,Catch,Sm.Flatfish,2006,3142,314.2,3.42654E-06
REXGOA2015,TOTALCATCH,Catch,Sm.Flatfish,2006,3294,329.4,3.42654E-06
SHALLOWFLATGOA2015,TOTALCATCH,Catch,Sm.Flatfish,2006,7652,765.2,3.42654E-06
DEEPFLATGOA2015,TOTALCATCH,Catch,Sm.Flatfish,2007,1,0.1,3.42654E-06
DOVERGOA2015,TOTALCATCH,Catch,Sm.Flatfish,2007,286,28.6,3.42654E-06
REXGOA2015,TOTALCATCH,Catch,Sm.Flatfish,2007,2852,285.2,3.42654E-06
FLATHEADGOA2015,TOTALCATCH,Catch,Sm.Flatfish,2007,3130,313,3.42654E-06
NROCKSOLEGOA2015,TOTALCATCH,Catch,Sm.Flatfish,2007,3364,336.4,3.42654E-06
SROCKSOLEGOA2015,TOTALCATCH,Catch,Sm.Flatfish,2007,3364,336.4,3.42654E-06
SHALLOWFLATGOA2015,TOTALCATCH,Catch,Sm.Flatfish,2007,8792,879.2,3.42654E-06
DEEPFLATGOA2015,TOTALCATCH,Catch,Sm.Flatfish,2008,5,0.5,3.42654E-06
DOVERGOA2015,TOTALCATCH,Catch,Sm.Flatfish,2008,568,56.8,3.42654E-06
REXGOA2015,TOTALCATCH,Catch,Sm.Flatfish,2008,2703,270.3,3.42654E-06
FLATHEADGOA2015,TOTALCATCH,Catch,Sm.Flatfish,2008,3446,344.6,3.42654E-06
NROCKSOLEGOA2015,TOTALCATCH,Catch,Sm.Flatfish,2008,3635,363.5,3.42654E-06
SROCKSOLEGOA2015,TOTALCATCH,Catch,Sm.Flatfish,2008,3635,363.5,3.42654E-06
SHALLOWFLATGOA2015,TOTALCATCH,Catch,Sm.Flatfish,2008,9721,972.1,3.42654E-06
DEEPFLATGOA2015,TOTALCATCH,Catch,Sm.Flatfish,2009,7,0.7,3.42654E-06
DOVERGOA2015,TOTALCATCH,Catch,Sm.Flatfish,2009,469,46.9,3.42654E-06
NROCKSOLEGOA2015,TOTALCATCH,Catch,Sm.Flatfish,2009,3269,326.9,3.42654E-06
SROCKSOLEGOA2015,TOTALCATCH,Catch,Sm.Flatfish,2009,3269,326.9,3.42654E-06
FLATHEADGOA2015,TOTALCATCH,Catch,Sm.Flatfish,2009,3663,366.3,3.42654E-06
REXGOA2015,TOTALCATCH,Catch,Sm.Flatfish,2009,4753,475.3,3.42654E-06
SHALLOWFLATGOA2015,TOTALCATCH,Catch,Sm.Flatfish,2009,8485,848.5,3.42654E-06
DEEPFLATGOA2015,TOTALCATCH,Catch,Sm.Flatfish,2010,0,0,3.42654E-06
DOVERGOA2015,TOTALCATCH,Catch,Sm.Flatfish,2010,545,54.5,3.42654E-06
NROCKSOLEGOA2015,TOTALCATCH,Catch,Sm.Flatfish,2010,1643,164.3,3.42654E-06
SROCKSOLEGOA2015,TOTALCATCH,Catch,Sm.Flatfish,2010,1643,164.3,3.42654E-06
REXGOA2015,TOTALCATCH,Catch,Sm.Flatfish,2010,3636,363.6,3.42654E-06
FLATHEADGOA2015,TOTALCATCH,Catch,Sm.Flatfish,2010,3841,384.1,3.42654E-06
SHALLOWFLATGOA2015,TOTALCATCH,Catch,Sm.Flatfish,2010,5534,553.4,3.42654E-06
DEEPFLATGOA2015,TOTALCATCH,Catch,Sm.Flatfish,2011,0,0,3.42654E-06
DOVERGOA2015,TOTALCATCH,Catch,Sm.Flatfish,2011,466,46.6,3.42654E-06
NROCKSOLEGOA2015,TOTALCATCH,Catch,Sm.Flatfish,2011,1547,154.7,3.42654E-06
SROCKSOLEGOA2015,TOTALCATCH,Catch,Sm.Flatfish,2011,1547,154.7,3.42654E-06
FLATHEADGOA2015,TOTALCATCH,Catch,Sm.Flatfish,2011,2730,273,3.42654E-06
REXGOA2015,TOTALCATCH,Catch,Sm.Flatfish,2011,2876,287.6,3.42654E-06
SHALLOWFLATGOA2015,TOTALCATCH,Catch,Sm.Flatfish,2011,3998,399.8,3.42654E-06
DEEPFLATGOA2015,TOTALCATCH,Catch,Sm.Flatfish,2012,0,0,3.42654E-06
DOVERGOA2015,TOTALCATCH,Catch,Sm.Flatfish,2012,262,26.2,3.42654E-06
NROCKSOLEGOA2015,TOTALCATCH,Catch,Sm.Flatfish,2012,1414,141.4,3.42654E-06
SROCKSOLEGOA2015,TOTALCATCH,Catch,Sm.Flatfish,2012,1414,141.4,3.42654E-06
FLATHEADGOA2015,TOTALCATCH,Catch,Sm.Flatfish,2012,2166,216.6,3.42654E-06
REXGOA2015,TOTALCATCH,Catch,Sm.Flatfish,2012,2425,242.5,3.42654E-06
SHALLOWFLATGOA2015,TOTALCATCH,Catch,Sm.Flatfish,2012,4015,401.5,3.42654E-06
DEEPFLATGOA2015,TOTALCATCH,Catch,Sm.Flatfish,2013,1,0.1,3.42654E-06
DOVERGOA2015,TOTALCATCH,Catch,Sm.Flatfish,2013,242,24.2,3.42654E-06
NROCKSOLEGOA2015,TOTALCATCH,Catch,Sm.Flatfish,2013,2029,202.9,3.42654E-06
SROCKSOLEGOA2015,TOTALCATCH,Catch,Sm.Flatfish,2013,2029,202.9,3.42654E-06
FLATHEADGOA2015,TOTALCATCH,Catch,Sm.Flatfish,2013,2817,281.7,3.42654E-06
REXGOA2015,TOTALCATCH,Catch,Sm.Flatfish,2013,3707,370.7,3.42654E-06
SHALLOWFLATGOA2015,TOTALCATCH,Catch,Sm.Flatfish,2013,5523,552.3,3.42654E-06
DEEPFLATGOA2015,TOTALCATCH,Catch,Sm.Flatfish,2014,31,3.1,3.42654E-06
DOVERGOA2015,TOTALCATCH,Catch,Sm.Flatfish,2014,324,32.4,3.42654E-06
NROCKSOLEGOA2015,TOTALCATCH,Catch,Sm.Flatfish,2014,1720,172,3.42654E-06
SROCKSOLEGOA2015,TOTALCATCH,Catch,Sm.Flatfish,2014,1720,172,3.42654E-06
FLATHEADGOA2015,TOTALCATCH,Catch,Sm.Flatfish,2014,2556,255.6,3.42654E-06
REXGOA2015,TOTALCATCH,Catch,Sm.Flatfish,2014,3577,357.7,3.42654E-06
SHALLOWFLATGOA2015,TOTALCATCH,Catch,Sm.Flatfish,2014,4750,475,3.42654E-06
SQUIDGOA2015,TOTALCATCH,Catch,Squids,1990,60,6,3.42654E-06
SQUIDGOA2015,TOTALCATCH,Catch,Squids,1991,117,11.7,3.42654E-06
SQUIDGOA2015,TOTALCATCH,Catch,Squids,1992,88,8.8,3.42654E-06
SQUIDGOA2015,TOTALCATCH,Catch,Squids,1993,104,10.4,3.42654E-06
SQUIDGOA2015,TOTALCATCH,Catch,Squids,1994,39,3.9,3.42654E-06
SQUIDGOA2015,TOTALCATCH,Catch,Squids,1995,25,2.5,3.42654E-06
SQUIDGOA2015,TOTALCATCH,Catch,Squids,1996,42,4.2,3.42654E-06
SQUIDGOA2015,TOTALCATCH,Catch,Squids,1997,97,9.7,3.42654E-06
SQUIDGOA2015,TOTALCATCH,Catch,Squids,1998,59,5.9,3.42654E-06
SQUIDGOA2015,TOTALCATCH,Catch,Squids,1999,41,4.1,3.42654E-06
SQUIDGOA2015,TOTALCATCH,Catch,Squids,2000,19,1.9,3.42654E-06
SQUIDGOA2015,TOTALCATCH,Catch,Squids,2001,91,9.1,3.42654E-06
SQUIDGOA2015,TOTALCATCH,Catch,Squids,2002,43,4.3,3.42654E-06
SQUIDGOA2015,TOTALCATCH,Catch,Squids,2003,97,9.7,3.42654E-06
SQUIDGOA2015,TOTALCATCH,Catch,Squids,2004,162,16.2,3.42654E-06
SQUIDGOA2015,TOTALCATCH,Catch,Squids,2005,636,63.6,3.42654E-06
SQUIDGOA2015,TOTALCATCH,Catch,Squids,2006,1530,153,3.42654E-06
SQUIDGOA2015,TOTALCATCH,Catch,Squids,2007,417,41.7,3.42654E-06
SQUIDGOA2015,TOTALCATCH,Catch,Squids,2008,98,9.8,3.42654E-06
SQUIDGOA2015,TOTALCATCH,Catch,Squids,2009,345,34.5,3.42654E-06
SQUIDGOA2015,TOTALCATCH,Catch,Squids,2010,139,13.9,3.42654E-06
SQUIDGOA2015,TOTALCATCH,Catch,Squids,2011,239,23.9,3.42654E-06
SQUIDGOA2015,TOTALCATCH,Catch,Squids,2012,22,2.2,3.42654E-06
SQUIDGOA2015,TOTALCATCH,Catch,Squids,2013,361,36.1,3.42654E-06
SQUIDGOA2015,TOTALCATCH,Catch,Squids,2014,172,17.2,3.42654E-06
POLLOCKWCWYK2015,TOTALCATCH,Catch,W.Pollock,1970,9379,937.9,3.42654E-06
POLLOCKWCWYK2015,TOTALCATCH,Catch,W.Pollock,1971,9460,946,3.42654E-06
POLLOCKWCWYK2015,TOTALCATCH,Catch,W.Pollock,1972,38131,3813.1,3.42654E-06
POLLOCKWCWYK2015,TOTALCATCH,Catch,W.Pollock,1973,44993,4499.3,3.42654E-06
POLLOCKWCWYK2015,TOTALCATCH,Catch,W.Pollock,1974,61905,6190.5,3.42654E-06
POLLOCKWCWYK2015,TOTALCATCH,Catch,W.Pollock,1975,59504,5950.4,3.42654E-06
POLLOCKWCWYK2015,TOTALCATCH,Catch,W.Pollock,1976,86731,8673.1,3.42654E-06
POLLOCKWCWYK2015,TOTALCATCH,Catch,W.Pollock,1977,118092,11809.2,3.42654E-06
POLLOCKWCWYK2015,TOTALCATCH,Catch,W.Pollock,1978,95408,9540.8,3.42654E-06
POLLOCKWCWYK2015,TOTALCATCH,Catch,W.Pollock,1979,106161,10616.1,3.42654E-06
POLLOCKWCWYK2015,TOTALCATCH,Catch,W.Pollock,1980,115158,11515.8,3.42654E-06
POLLOCKWCWYK2015,TOTALCATCH,Catch,W.Pollock,1981,147818,14781.8,3.42654E-06
POLLOCKWCWYK2015,TOTALCATCH,Catch,W.Pollock,1982,169045,16904.5,3.42654E-06
POLLOCKWCWYK2015,TOTALCATCH,Catch,W.Pollock,1983,215625,21562.5,3.42654E-06
POLLOCKWCWYK2015,TOTALCATCH,Catch,W.Pollock,1984,307541,30754.1,3.42654E-06
POLLOCKWCWYK2015,TOTALCATCH,Catch,W.Pollock,1985,286900,28690,3.42654E-06
POLLOCKWCWYK2015,TOTALCATCH,Catch,W.Pollock,1986,86910,8691,3.42654E-06
POLLOCKWCWYK2015,TOTALCATCH,Catch,W.Pollock,1987,68070,6807,3.42654E-06
POLLOCKWCWYK2015,TOTALCATCH,Catch,W.Pollock,1988,63391,6339.1,3.42654E-06
POLLOCKWCWYK2015,TOTALCATCH,Catch,W.Pollock,1989,75585,7558.5,3.42654E-06
POLLOCKWCWYK2015,TOTALCATCH,Catch,W.Pollock,1990,88269,8826.9,3.42654E-06
POLLOCKWCWYK2015,TOTALCATCH,Catch,W.Pollock,1991,100488,10048.8,3.42654E-06
POLLOCKWCWYK2015,TOTALCATCH,Catch,W.Pollock,1992,90858,9085.8,3.42654E-06
POLLOCKWCWYK2015,TOTALCATCH,Catch,W.Pollock,1993,108909,10890.9,3.42654E-06
POLLOCKWCWYK2015,TOTALCATCH,Catch,W.Pollock,1994,107335,10733.5,3.42654E-06
POLLOCKWCWYK2015,TOTALCATCH,Catch,W.Pollock,1995,72618,7261.8,3.42654E-06
POLLOCKWCWYK2015,TOTALCATCH,Catch,W.Pollock,1996,51263,5126.3,3.42654E-06
POLLOCKWCWYK2015,TOTALCATCH,Catch,W.Pollock,1997,90130,9013,3.42654E-06
POLLOCKWCWYK2015,TOTALCATCH,Catch,W.Pollock,1998,125460,12546,3.42654E-06
POLLOCKWCWYK2015,TOTALCATCH,Catch,W.Pollock,1999,95638,9563.8,3.42654E-06
POLLOCKWCWYK2015,TOTALCATCH,Catch,W.Pollock,2000,73080,7308,3.42654E-06
POLLOCKWCWYK2015,TOTALCATCH,Catch,W.Pollock,2001,72077,7207.7,3.42654E-06
POLLOCKWCWYK2015,TOTALCATCH,Catch,W.Pollock,2002,51934,5193.4,3.42654E-06
POLLOCKWCWYK2015,TOTALCATCH,Catch,W.Pollock,2003,50684,5068.4,3.42654E-06
POLLOCKWCWYK2015,TOTALCATCH,Catch,W.Pollock,2004,63844,6384.4,3.42654E-06
POLLOCKWCWYK2015,TOTALCATCH,Catch,W.Pollock,2005,80978,8097.8,3.42654E-06
POLLOCKWCWYK2015,TOTALCATCH,Catch,W.Pollock,2006,71976,7197.6,3.42654E-06
POLLOCKWCWYK2015,TOTALCATCH,Catch,W.Pollock,2007,52714,5271.4,3.42654E-06
POLLOCKWCWYK2015,TOTALCATCH,Catch,W.Pollock,2008,52584,5258.4,3.42654E-06
POLLOCKWCWYK2015,TOTALCATCH,Catch,W.Pollock,2009,44247,4424.7,3.42654E-06
POLLOCKWCWYK2015,TOTALCATCH,Catch,W.Pollock,2010,76745,7674.5,3.42654E-06
POLLOCKWCWYK2015,TOTALCATCH,Catch,W.Pollock,2011,81357,8135.7,3.42654E-06
POLLOCKWCWYK2015,TOTALCATCH,Catch,W.Pollock,2012,103982,10398.2,3.42654E-06
POLLOCKWCWYK2015,TOTALCATCH,Catch,W.Pollock,2013,96363,9636.3,3.42654E-06
POLLOCKWCWYK2015,TOTALCATCH,Catch,W.Pollock,2014,142633,14263.3,3.42654E-06
